Rk,Player,Pos,Age,Tm,G,GS,MP,FG,FGA,FG%,3P,3PA,3P%,2P,2PA,2P%,eFG%,FT,FTA,FT%,ORB,DRB,TRB,AST,STL,BLK,TOV,PF,PTS,Player-additional,season
1,Precious Achiuwa,C,23,TOR,55,12,1140,196,404,.485,29,108,.269,167,296,.564,.521,87,124,.702,100,228,328,50,31,30,59,102,508,achiupr01,2023
2,Steven Adams,C,29,MEM,42,42,1133,157,263,.597,0,1,.000,157,262,.599,.597,47,129,.364,214,271,485,97,36,46,79,98,361,adamsst01,2023
3,Bam Adebayo,C,25,MIA,75,75,2598,602,1114,.540,1,12,.083,601,1102,.545,.541,324,402,.806,184,504,688,240,88,61,187,208,1529,adebaba01,2023
4,Ochai Agbaji,SG,22,UTA,59,22,1209,165,386,.427,81,228,.355,84,158,.532,.532,56,69,.812,43,78,121,67,16,15,41,99,467,agbajoc01,2023
5,Santi Aldama,PF,22,MEM,77,20,1682,247,525,.470,94,266,.353,153,259,.591,.560,108,144,.750,85,286,371,97,45,48,60,143,696,aldamsa01,2023
6,Nickeil Alexander-Walker,SG,24,TOT,59,3,884,131,295,.444,61,159,.384,70,136,.515,.547,40,60,.667,15,86,101,108,32,21,55,88,363,alexani01,2023
6,Nickeil Alexander-Walker,SG,24,UTA,36,3,528,83,170,.488,35,87,.402,48,83,.578,.591,27,39,.692,8,51,59,76,24,14,45,58,228,alexani01,2023
6,Nickeil Alexander-Walker,SG,24,MIN,23,0,356,48,125,.384,26,72,.361,22,53,.415,.488,13,21,.619,7,35,42,32,8,7,10,30,135,alexani01,2023
7,Grayson Allen,SG,27,MIL,72,70,1972,245,557,.440,146,366,.399,99,191,.518,.571,114,126,.905,61,176,237,163,62,14,72,117,750,allengr01,2023
8,Jarrett Allen,C,24,CLE,68,68,2220,403,626,.644,1,10,.100,402,616,.653,.645,162,221,.733,221,445,666,113,54,84,93,153,969,allenja01,2023
9,Jose Alvarado,PG,24,NOP,61,10,1310,201,489,.411,83,247,.336,118,242,.488,.496,65,80,.813,28,113,141,186,67,10,81,125,550,alvarjo01,2023
10,Kyle Anderson,PF,29,MIN,69,46,1957,252,495,.509,43,105,.410,209,390,.536,.553,100,136,.735,66,302,368,335,78,63,103,146,647,anderky01,2023
11,Giannis Antetokounmpo,PF,28,MIL,63,63,2024,707,1278,.553,47,171,.275,660,1107,.596,.572,498,772,.645,137,605,742,359,52,51,246,197,1959,antetgi01,2023
12,Thanasis Antetokounmpo,PF,30,MIL,37,0,206,20,46,.435,0,8,.000,20,38,.526,.435,11,22,.500,15,29,44,15,3,3,12,22,51,antetth01,2023
13,Cole Anthony,PG,22,ORL,60,4,1552,277,610,.454,75,206,.364,202,404,.500,.516,152,170,.894,47,241,288,235,37,31,91,158,781,anthoco01,2023
14,OG Anunoby,SF,25,TOR,67,67,2386,421,885,.476,142,367,.387,279,518,.539,.556,140,167,.838,95,237,332,131,128,50,132,200,1124,anunoog01,2023
15,Ryan Arcidiacono,PG,28,TOT,20,4,172,9,37,.243,8,23,.348,1,14,.071,.351,0,0,,0,15,15,23,5,0,7,17,26,arcidry01,2023
15,Ryan Arcidiacono,PG,28,NYK,11,0,26,1,5,.200,1,3,.333,0,2,.000,.300,0,0,,0,4,4,2,2,0,1,3,3,arcidry01,2023
15,Ryan Arcidiacono,PG,28,POR,9,4,146,8,32,.250,7,20,.350,1,12,.083,.359,0,0,,0,11,11,21,3,0,6,14,23,arcidry01,2023
16,Deni Avdija,SF,22,WAS,76,40,2020,253,579,.437,69,232,.297,184,347,.530,.497,122,165,.739,74,413,487,211,65,29,123,209,697,avdijde01,2023
17,Deandre Ayton,C,24,PHO,67,67,2035,522,887,.589,7,24,.292,515,863,.597,.592,152,200,.760,172,495,667,115,37,53,120,190,1203,aytonde01,2023
18,Udoka Azubuike,C,23,UTA,36,4,359,59,72,.819,0,0,,59,72,.819,.819,7,20,.350,31,88,119,11,6,15,18,34,125,azubuud01,2023
19,Marvin Bagley III,C,23,DET,42,25,990,202,382,.529,19,66,.288,183,316,.579,.554,81,108,.750,94,175,269,36,19,30,46,81,504,baglema01,2023
20,Patrick Baldwin Jr.,SF,20,GSW,31,0,226,43,109,.394,32,84,.381,11,25,.440,.541,4,6,.667,1,39,40,11,6,4,11,14,122,baldwpa01,2023
21,LaMelo Ball,PG,21,CHO,36,36,1268,296,721,.411,144,383,.376,152,338,.450,.510,102,122,.836,42,189,231,304,46,11,129,118,838,ballla01,2023
22,Mo Bamba,C,24,TOT,49,7,769,117,241,.485,48,124,.387,69,117,.590,.585,41,62,.661,58,167,225,46,13,43,30,105,323,bambamo01,2023
22,Mo Bamba,C,24,ORL,40,6,681,106,214,.495,43,108,.398,63,106,.594,.596,35,51,.686,47,137,184,42,12,38,22,86,290,bambamo01,2023
22,Mo Bamba,C,24,LAL,9,1,88,11,27,.407,5,16,.313,6,11,.545,.500,6,11,.545,11,30,41,4,1,5,8,19,33,bambamo01,2023
23,Paolo Banchero,PF,20,ORL,72,72,2430,479,1122,.427,85,285,.298,394,837,.471,.465,394,534,.738,84,413,497,269,60,39,200,160,1437,banchpa01,2023
24,Desmond Bane,SG,24,MEM,58,58,1841,450,939,.479,166,407,.408,284,532,.534,.568,181,205,.883,43,248,291,254,56,22,126,150,1247,banede01,2023
25,Dalano Banton,PG,23,TOR,31,2,279,55,130,.423,15,51,.294,40,79,.506,.481,17,24,.708,11,34,45,36,13,13,18,34,142,bantoda01,2023
26,Dominick Barlow,PF,19,SAS,28,0,408,46,86,.535,0,4,.000,46,82,.561,.535,18,25,.720,46,56,102,24,10,19,15,56,110,barlodo01,2023
27,Harrison Barnes,PF,30,SAC,82,82,2662,374,791,.473,132,353,.374,242,438,.553,.556,350,413,.847,87,279,366,128,57,10,86,103,1230,barneha02,2023
28,Scottie Barnes,SF,21,TOR,77,76,2678,463,1016,.456,63,224,.281,400,792,.505,.487,190,246,.772,179,333,512,371,83,61,154,170,1179,barnesc01,2023
29,RJ Barrett,SG,22,NYK,73,73,2475,510,1176,.434,121,390,.310,389,786,.495,.485,290,392,.740,60,308,368,201,31,15,164,179,1431,barrerj01,2023
30,Will Barton,SG,32,TOT,56,2,993,138,364,.379,66,180,.367,72,184,.391,.470,37,47,.787,15,122,137,112,28,13,48,56,379,bartowi01,2023
30,Will Barton,SG,32,WAS,40,0,782,110,285,.386,52,138,.377,58,147,.395,.477,35,45,.778,10,101,111,95,17,10,45,39,307,bartowi01,2023
30,Will Barton,SG,32,TOR,16,2,211,28,79,.354,14,42,.333,14,37,.378,.443,2,2,1.000,5,21,26,17,11,3,3,17,72,bartowi01,2023
31,Charles Bassey,C,22,SAS,35,2,508,87,135,.644,3,8,.375,84,127,.661,.656,22,37,.595,75,118,193,47,16,33,41,74,199,bassech01,2023
32,Keita Bates-Diop,PF,27,SAS,67,42,1452,236,465,.508,56,142,.394,180,323,.557,.568,119,150,.793,65,183,248,103,46,20,56,63,647,bateske01,2023
33,Nicolas Batum,PF,34,LAC,78,19,1709,160,381,.420,124,317,.391,36,64,.563,.583,34,48,.708,62,237,299,121,54,44,50,149,478,batumni01,2023
34,Darius Bazley,C,22,TOT,43,1,616,83,183,.454,20,53,.377,63,130,.485,.508,38,70,.543,34,104,138,38,22,34,27,44,224,bazleda01,2023
34,Darius Bazley,C,22,OKC,36,1,555,71,158,.449,18,45,.400,53,113,.469,.506,36,65,.554,29,93,122,32,19,29,22,35,196,bazleda01,2023
34,Darius Bazley,C,22,PHO,7,0,61,12,25,.480,2,8,.250,10,17,.588,.520,2,5,.400,5,11,16,6,3,5,5,9,28,bazleda01,2023
35,Bradley Beal,SG,29,WAS,50,50,1673,444,878,.506,80,219,.365,364,659,.552,.551,192,228,.842,41,155,196,271,45,33,145,107,1160,bealbr01,2023
36,Malik Beasley,SG,26,TOT,81,27,2093,370,937,.395,235,658,.357,135,279,.484,.520,50,65,.769,35,248,283,124,65,9,90,107,1025,beaslma01,2023
36,Malik Beasley,SG,26,UTA,55,13,1472,265,669,.396,169,471,.359,96,198,.485,.522,37,44,.841,27,170,197,93,44,8,60,75,736,beaslma01,2023
36,Malik Beasley,SG,26,LAL,26,14,621,105,268,.392,66,187,.353,39,81,.481,.515,13,21,.619,8,78,86,31,21,1,30,32,289,beaslma01,2023
37,MarJon Beauchamp,SF,22,MIL,52,11,701,96,243,.395,47,142,.331,49,101,.485,.492,27,37,.730,38,77,115,35,21,7,45,71,266,beaucma01,2023
38,Dāvis Bertāns,PF,30,DAL,45,1,492,69,160,.431,55,141,.390,14,19,.737,.603,13,15,.867,10,43,53,21,11,8,10,53,206,bertada01,2023
39,Patrick Beverley,SG-PG,34,TOT,67,67,1816,144,360,.400,80,239,.335,64,121,.529,.511,47,65,.723,44,203,247,194,63,41,60,187,415,beverpa01,2023
39,Patrick Beverley,SG,34,LAL,45,45,1211,97,241,.402,55,158,.348,42,83,.506,.517,39,50,.780,24,116,140,118,40,25,42,124,288,beverpa01,2023
39,Patrick Beverley,PG,34,CHI,22,22,605,47,119,.395,25,81,.309,22,38,.579,.500,8,15,.533,20,87,107,76,23,16,18,63,127,beverpa01,2023
40,Saddiq Bey,SF,23,TOT,77,37,2129,353,836,.422,151,418,.361,202,418,.483,.513,205,238,.861,98,264,362,118,70,13,71,123,1062,beysa01,2023
40,Saddiq Bey,SF,23,DET,52,30,1500,245,606,.404,101,293,.345,144,313,.460,.488,180,209,.861,59,183,242,84,50,12,54,86,771,beysa01,2023
40,Saddiq Bey,SF,23,ATL,25,7,629,108,230,.470,50,125,.400,58,105,.552,.578,25,29,.862,39,81,120,34,20,1,17,37,291,beysa01,2023
41,Khem Birch,C,30,TOR,20,0,162,19,32,.594,1,2,.500,18,30,.600,.609,4,5,.800,8,17,25,7,5,5,8,24,43,birchkh01,2023
42,Goga Bitadze,C,23,TOT,38,1,457,69,125,.552,6,26,.231,63,99,.636,.576,23,42,.548,61,76,137,39,16,26,22,64,167,bitadgo01,2023
42,Goga Bitadze,C,23,IND,21,0,202,27,52,.519,4,14,.286,23,38,.605,.558,11,24,.458,25,24,49,18,9,10,12,34,69,bitadgo01,2023
42,Goga Bitadze,C,23,ORL,17,1,255,42,73,.575,2,12,.167,40,61,.656,.589,12,18,.667,36,52,88,21,7,16,10,30,98,bitadgo01,2023
43,Bismack Biyombo,C,30,PHO,61,14,874,119,206,.578,0,0,,119,206,.578,.578,25,70,.357,89,171,260,56,18,88,51,114,263,biyombi01,2023
44,Buddy Boeheim,SF,23,DET,10,0,90,5,27,.185,4,25,.160,1,2,.500,.259,2,2,1.000,2,4,6,4,2,0,0,6,16,boehebu01,2023
45,Bogdan Bogdanović,SG,30,ATL,54,9,1508,273,611,.447,146,360,.406,127,251,.506,.566,64,77,.831,23,142,165,150,43,18,65,86,756,bogdabo01,2023
46,Bojan Bogdanović,PF,33,DET,59,59,1893,430,882,.488,145,353,.411,285,529,.539,.570,268,303,.884,36,187,223,152,34,8,135,113,1273,bogdabo02,2023
47,Bol Bol,PF,23,ORL,70,33,1505,261,478,.546,30,113,.265,231,365,.633,.577,82,108,.759,69,336,405,69,30,85,112,92,634,bolbo01,2023
48,Leandro Bolmaro,SF,22,UTA,14,0,68,3,20,.150,0,4,.000,3,16,.188,.150,0,0,,4,3,7,7,3,1,7,10,6,bolmale01,2023
49,Devin Booker,SG,26,PHO,53,53,1835,527,1067,.494,111,316,.351,416,751,.554,.546,306,358,.855,46,194,240,293,51,18,145,159,1471,bookede01,2023
50,Brandon Boston Jr.,SF,21,LAC,22,1,248,51,122,.418,12,29,.414,39,93,.419,.467,29,38,.763,7,23,30,20,9,0,12,21,143,bostobr01,2023
51,Chris Boucher,PF,30,TOR,76,0,1523,261,529,.493,62,189,.328,199,340,.585,.552,128,168,.762,157,264,421,29,47,64,41,143,712,bouchch01,2023
52,James Bouknight,SG,22,CHO,34,0,515,69,193,.358,33,109,.303,36,84,.429,.443,20,30,.667,8,64,72,41,14,5,32,49,191,bouknja01,2023
53,Jamaree Bouyea,PG,23,TOT,5,0,71,6,14,.429,2,6,.333,4,8,.500,.500,1,2,.500,1,5,6,4,4,2,4,6,15,bouyeja01,2023
53,Jamaree Bouyea,PG,23,MIA,4,0,65,6,13,.462,2,5,.400,4,8,.500,.538,1,2,.500,1,4,5,4,4,2,4,5,15,bouyeja01,2023
53,Jamaree Bouyea,PG,23,WAS,1,0,6,0,1,.000,0,1,.000,0,0,,.000,0,0,,0,1,1,0,0,0,0,1,0,bouyeja01,2023
54,Tony Bradley,C,25,CHI,12,0,33,6,12,.500,3,5,.600,3,7,.429,.625,4,4,1.000,1,10,11,1,1,1,1,2,19,bradlto01,2023
55,Malaki Branham,SG,19,SAS,66,32,1550,269,611,.440,77,255,.302,192,356,.539,.503,58,70,.829,28,153,181,127,33,7,76,115,673,branhma01,2023
56,Jarrell Brantley,PF,26,UTA,4,0,39,8,14,.571,4,9,.444,4,5,.800,.714,2,2,1.000,1,5,6,3,0,2,2,3,22,brantja01,2023
57,Christian Braun,SG,21,DEN,76,6,1181,143,289,.495,34,96,.354,109,193,.565,.554,40,64,.625,48,133,181,59,41,17,35,101,360,braunch01,2023
58,Mikal Bridges,SF-SG,26,TOT,83,83,2963,593,1267,.468,169,442,.382,424,825,.514,.535,316,353,.895,79,285,364,273,91,61,127,159,1671,bridgmi01,2023
58,Mikal Bridges,SF,26,PHO,56,56,2040,354,764,.463,101,261,.387,253,503,.503,.529,156,174,.897,56,187,243,201,65,45,78,115,965,bridgmi01,2023
58,Mikal Bridges,SG,26,BRK,27,27,923,239,503,.475,68,181,.376,171,322,.531,.543,160,179,.894,23,98,121,72,26,16,49,44,706,bridgmi01,2023
59,Oshae Brissett,PF,24,IND,65,2,1083,123,319,.386,48,155,.310,75,164,.457,.461,104,145,.717,62,156,218,44,33,13,34,79,398,brissos01,2023
60,Malcolm Brogdon,PG,30,BOS,67,0,1744,354,732,.484,132,297,.444,222,435,.510,.574,160,184,.870,42,238,280,248,45,18,98,109,1000,brogdma01,2023
61,Dillon Brooks,SF,27,MEM,73,73,2214,392,991,.396,143,439,.326,249,552,.451,.468,120,154,.779,45,199,244,189,65,16,104,240,1047,brookdi01,2023
62,Bruce Brown,SF,26,DEN,80,31,2280,358,741,.483,91,254,.358,267,487,.548,.545,116,153,.758,63,265,328,268,87,51,123,190,923,brownbr01,2023
63,Greg Brown III,PF,21,POR,16,0,93,11,28,.393,1,7,.143,10,21,.476,.411,5,12,.417,2,17,19,3,4,5,6,13,28,browngr01,2023
64,Jaylen Brown,SF,26,BOS,67,67,2405,679,1383,.491,163,487,.335,516,896,.576,.550,263,344,.765,78,381,459,232,75,26,197,172,1784,brownja02,2023
65,Kendall Brown,SG,19,IND,6,0,40,4,7,.571,0,1,.000,4,6,.667,.571,1,2,.500,2,4,6,3,4,0,2,9,9,brownke03,2023
66,Moses Brown,C,23,TOT,36,1,294,61,96,.635,0,0,,61,96,.635,.635,33,72,.458,57,82,139,4,4,14,15,39,155,brownmo01,2023
66,Moses Brown,C,23,LAC,34,1,288,61,96,.635,0,0,,61,96,.635,.635,33,72,.458,57,82,139,4,3,14,14,38,155,brownmo01,2023
66,Moses Brown,C,23,BRK,2,0,6,0,0,,0,0,,0,0,,,0,0,,0,0,0,0,1,0,1,1,0,brownmo01,2023
67,Sterling Brown,SF,27,LAL,4,0,24,0,4,.000,0,2,.000,0,2,.000,.000,0,0,,3,5,8,2,3,0,0,4,0,brownst02,2023
68,Troy Brown Jr.,SF,23,LAL,76,45,1860,200,465,.430,107,281,.381,93,184,.505,.545,34,39,.872,62,246,308,95,59,16,49,120,541,browntr01,2023
69,Jalen Brunson,PG,26,NYK,68,68,2379,587,1195,.491,134,322,.416,453,873,.519,.547,325,392,.829,40,201,241,421,61,15,142,152,1633,brunsja01,2023
70,Thomas Bryant,C,25,TOT,59,26,1081,230,369,.623,26,59,.441,204,310,.658,.659,93,126,.738,86,253,339,31,16,30,38,102,579,bryanth01,2023
70,Thomas Bryant,C,25,LAL,41,25,876,197,301,.654,22,50,.440,175,251,.697,.691,80,108,.741,67,212,279,29,14,23,28,77,496,bryanth01,2023
70,Thomas Bryant,C,25,DEN,18,1,205,33,68,.485,4,9,.444,29,59,.492,.515,13,18,.722,19,41,60,2,2,7,10,25,83,bryanth01,2023
71,Reggie Bullock,SF,31,DAL,78,55,2364,192,470,.409,151,397,.380,41,73,.562,.569,26,37,.703,32,251,283,108,54,13,36,166,561,bullore01,2023
72,Alec Burks,SG,31,DET,51,8,1122,200,459,.436,99,239,.414,101,220,.459,.544,153,188,.814,19,139,158,114,38,8,58,98,652,burksal01,2023
73,Deonte Burton,PF,29,SAC,2,0,6,0,2,.000,0,1,.000,0,1,.000,.000,0,0,,0,0,0,0,0,0,0,0,0,burtode02,2023
74,Jared Butler,PG,22,OKC,6,1,77,15,32,.469,7,14,.500,8,18,.444,.578,0,0,,1,3,4,8,5,0,5,5,37,butleja02,2023
75,Jimmy Butler,PF,33,MIA,64,64,2138,479,888,.539,36,103,.350,443,785,.564,.560,472,555,.850,141,234,375,340,117,21,101,80,1466,butleji01,2023
76,John Butler,C,20,POR,19,1,221,17,53,.321,8,35,.229,9,18,.500,.396,3,4,.750,3,14,17,11,7,9,1,22,45,butlejo01,2023
77,Jamal Cain,PF,23,MIA,18,0,240,37,66,.561,7,20,.350,30,46,.652,.614,17,22,.773,15,37,52,12,11,1,6,21,98,cainja01,2023
78,Kentavious Caldwell-Pope,SG,29,DEN,76,76,2381,292,632,.462,135,319,.423,157,313,.502,.569,103,125,.824,35,173,208,183,112,35,86,145,822,caldwke01,2023
79,Facundo Campazzo,PG,31,DAL,8,0,52,3,13,.231,3,11,.273,0,2,.000,.346,1,2,.500,0,2,2,9,6,0,3,3,10,campafa01,2023
80,Vlatko Čančar,PF,25,DEN,60,9,889,108,227,.476,43,115,.374,65,112,.580,.570,38,41,.927,24,104,128,80,22,14,37,84,297,cancavl01,2023
81,Clint Capela,C,28,ATL,65,63,1730,350,536,.653,0,1,.000,350,535,.654,.653,79,131,.603,258,459,717,58,45,79,54,139,779,capelca01,2023
82,Vernon Carey Jr.,C,21,WAS,11,0,28,2,8,.250,0,0,,2,8,.250,.250,2,2,1.000,3,8,11,3,2,2,2,5,6,careyve01,2023
83,Jevon Carter,PG,27,MIL,81,39,1810,239,565,.423,142,337,.421,97,228,.425,.549,31,38,.816,35,167,202,197,66,29,78,158,651,carteje01,2023
84,Wendell Carter Jr.,C,23,ORL,57,54,1690,322,613,.525,80,225,.356,242,388,.624,.591,144,195,.738,120,377,497,132,30,33,106,159,868,cartewe01,2023
85,Michael Carter-Williams,PG,31,ORL,4,0,44,6,14,.429,1,3,.333,5,11,.455,.464,4,7,.571,1,4,5,7,1,1,4,5,17,cartemi01,2023
86,Alex Caruso,PG,28,CHI,67,36,1575,130,286,.455,55,151,.364,75,135,.556,.551,59,73,.808,42,154,196,193,98,46,77,159,374,carusal01,2023
87,Julian Champagnie,SF,21,TOT,17,3,320,59,130,.454,33,82,.402,26,48,.542,.581,14,17,.824,10,50,60,10,6,5,11,26,165,champju02,2023
87,Julian Champagnie,SF,21,PHI,2,0,7,0,2,.000,0,1,.000,0,1,.000,.000,0,0,,0,0,0,0,1,0,0,0,0,champju02,2023
87,Julian Champagnie,SF,21,SAS,15,3,313,59,128,.461,33,81,.407,26,47,.553,.590,14,17,.824,10,50,60,10,5,5,11,26,165,champju02,2023
88,Justin Champagnie,SF,21,TOT,5,0,34,5,15,.333,1,5,.200,4,10,.400,.367,0,0,,3,5,8,4,1,0,0,2,11,champju01,2023
88,Justin Champagnie,SF,21,TOR,3,0,11,3,3,1.000,0,0,,3,3,1.000,1.000,0,0,,1,3,4,1,0,0,0,1,6,champju01,2023
88,Justin Champagnie,SF,21,BOS,2,0,23,2,12,.167,1,5,.200,1,7,.143,.208,0,0,,2,2,4,3,1,0,0,1,5,champju01,2023
89,Kennedy Chandler,PG,20,MEM,36,0,281,35,83,.422,2,15,.133,33,68,.485,.434,6,13,.462,9,29,38,58,12,5,18,15,78,chandke01,2023
90,Max Christie,SG,19,LAL,41,3,512,44,106,.415,26,62,.419,18,44,.409,.538,14,16,.875,7,68,75,21,9,7,13,33,128,chrisma02,2023
91,Josh Christopher,SG,21,HOU,64,2,786,153,329,.465,21,89,.236,132,240,.550,.497,45,60,.750,20,51,71,73,33,15,60,59,372,chrisjo01,2023
92,Brandon Clarke,PF,26,MEM,56,8,1090,229,349,.656,1,6,.167,228,343,.665,.658,99,137,.723,92,218,310,72,34,37,55,131,558,clarkbr01,2023
93,Jordan Clarkson,SG,30,UTA,61,61,1988,458,1031,.444,155,459,.338,303,572,.530,.519,200,245,.816,72,174,246,270,33,13,186,120,1271,clarkjo01,2023
94,Nic Claxton,C,23,BRK,76,76,2271,414,587,.705,0,2,.000,414,585,.708,.705,133,246,.541,184,518,702,144,65,189,96,212,961,claxtni01,2023
95,Amir Coffey,SF,25,LAC,50,9,625,56,145,.386,11,40,.275,45,105,.429,.424,49,63,.778,17,36,53,53,7,5,21,50,172,coffeam01,2023
96,John Collins,PF,25,ATL,71,71,2130,359,707,.508,70,240,.292,289,467,.619,.557,143,178,.803,77,385,462,85,42,73,79,220,931,collijo01,2023
97,Zach Collins,C,25,SAS,63,26,1441,284,548,.518,55,147,.374,229,401,.571,.568,108,142,.761,116,286,402,180,37,49,129,199,731,colliza01,2023
98,Chance Comanche,C,26,POR,1,0,21,3,5,.600,0,0,,3,5,.600,.600,1,4,.250,2,1,3,0,0,1,0,0,7,comanch01,2023
99,Mike Conley,PG,35,TOT,67,66,2029,261,610,.428,135,351,.385,126,259,.486,.539,141,169,.834,33,149,182,450,73,14,103,139,798,conlemi01,2023
99,Mike Conley,PG,35,UTA,43,42,1276,153,375,.408,77,213,.362,76,162,.469,.511,78,96,.813,17,90,107,330,44,10,74,94,461,conlemi01,2023
99,Mike Conley,PG,35,MIN,24,24,753,108,235,.460,58,138,.420,50,97,.515,.583,63,73,.863,16,59,75,120,29,4,29,45,337,conlemi01,2023
100,Pat Connaughton,SF,30,MIL,61,33,1443,165,421,.392,109,322,.339,56,99,.566,.521,27,41,.659,50,233,283,77,37,11,33,69,466,connapa01,2023
101,Xavier Cooks,PF,27,WAS,10,1,126,17,28,.607,0,1,.000,17,27,.630,.607,4,10,.400,16,22,38,6,6,4,8,13,38,cooksxa01,2023
102,Robert Covington,PF,32,LAC,48,0,779,102,229,.445,54,136,.397,48,93,.516,.563,30,40,.750,31,135,166,57,38,33,32,86,288,covinro01,2023
103,Torrey Craig,PF,32,PHO,79,60,1948,228,500,.456,100,253,.395,128,247,.518,.556,32,45,.711,145,281,426,117,50,62,73,179,588,craigto01,2023
104,Jae Crowder,PF,32,MIL,18,3,340,45,94,.479,24,55,.436,21,39,.538,.606,10,12,.833,17,52,69,27,12,6,7,27,124,crowdja01,2023
105,Jarrett Culver,SF,23,ATL,10,1,137,17,43,.395,1,12,.083,16,31,.516,.407,9,13,.692,10,28,38,6,6,2,7,14,44,culveja01,2023
106,Cade Cunningham,PG,21,DET,12,12,400,93,224,.415,17,61,.279,76,163,.466,.453,36,43,.837,12,62,74,72,10,7,39,34,239,cunnica01,2023
107,Seth Curry,SG,32,BRK,61,7,1211,208,449,.463,94,232,.405,114,217,.525,.568,51,55,.927,13,87,100,99,36,7,51,96,561,curryse01,2023
108,Stephen Curry,PG,34,GSW,56,56,1941,559,1133,.493,273,639,.427,286,494,.579,.614,257,281,.915,39,302,341,352,52,20,179,117,1648,curryst01,2023
109,Dyson Daniels,PG,19,NOP,59,11,1042,87,208,.418,27,86,.314,60,122,.492,.483,26,40,.650,36,152,188,134,43,11,57,99,227,daniedy01,2023
110,Anthony Davis,C,29,LAL,56,54,1904,542,962,.563,19,74,.257,523,888,.589,.573,348,444,.784,195,507,702,148,59,114,122,146,1451,davisan02,2023
111,Johnny Davis,SG,20,WAS,28,5,423,66,171,.386,17,70,.243,49,101,.485,.436,14,27,.519,10,55,65,28,10,8,17,48,163,davisjo06,2023
112,Terence Davis,SG,25,SAC,64,5,841,154,364,.423,89,243,.366,65,121,.537,.545,34,43,.791,20,119,139,67,43,12,53,104,431,daviste02,2023
113,JD Davison,SG,20,BOS,12,0,66,8,19,.421,2,7,.286,6,12,.500,.474,1,2,.500,2,7,9,11,2,2,4,5,19,davisjd01,2023
114,Darius Days,SF,23,HOU,4,0,25,5,12,.417,3,10,.300,2,2,1.000,.542,2,2,1.000,1,5,6,1,0,1,0,2,15,daysda01,2023
115,Dewayne Dedmon,C,33,TOT,38,1,426,77,151,.510,12,39,.308,65,112,.580,.550,33,49,.673,34,100,134,26,9,19,25,75,199,dedmode01,2023
115,Dewayne Dedmon,C,33,MIA,30,0,350,64,129,.496,11,37,.297,53,92,.576,.539,32,44,.727,28,81,109,16,7,14,19,61,171,dedmode01,2023
115,Dewayne Dedmon,C,33,PHI,8,1,76,13,22,.591,1,2,.500,12,20,.600,.614,1,5,.200,6,19,25,10,2,5,6,14,28,dedmode01,2023
116,Matthew Dellavedova,PG,32,SAC,32,0,213,17,50,.340,9,27,.333,8,23,.348,.430,4,7,.571,1,12,13,41,7,0,10,20,47,dellama01,2023
117,DeMar DeRozan,SF,33,CHI,74,74,2682,657,1303,.504,46,142,.324,611,1161,.526,.522,456,523,.872,34,309,343,377,83,36,153,186,1816,derozde01,2023
118,Moussa Diabaté,C,21,LAC,22,1,195,24,47,.511,1,2,.500,23,45,.511,.521,10,16,.625,31,19,50,4,7,8,9,15,59,diabamo01,2023
119,Mamadi Diakite,C,26,CLE,22,2,176,24,50,.480,7,21,.333,17,29,.586,.550,2,2,1.000,8,22,30,8,4,9,12,26,57,diakima01,2023
120,Hamidou Diallo,SF,24,DET,56,0,996,215,375,.573,5,21,.238,210,354,.593,.580,87,148,.588,57,137,194,55,53,16,71,124,522,diallha01,2023
121,Gorgui Dieng,C,33,SAS,31,1,358,45,117,.385,21,75,.280,24,42,.571,.474,10,13,.769,27,80,107,53,4,14,32,57,121,dienggo01,2023
122,Ousmane Dieng,PF,19,OKC,39,1,569,76,181,.420,26,98,.265,50,83,.602,.492,15,23,.652,19,86,105,46,14,7,26,42,193,diengou01,2023
123,Spencer Dinwiddie,SG-PG,29,TOT,79,79,2725,460,1050,.438,181,490,.369,279,560,.498,.524,268,330,.812,28,242,270,515,67,24,145,187,1369,dinwisp01,2023
123,Spencer Dinwiddie,SG,29,DAL,53,53,1808,316,694,.455,138,341,.405,178,353,.504,.555,170,207,.821,19,144,163,279,39,16,90,124,940,dinwisp01,2023
123,Spencer Dinwiddie,PG,29,BRK,26,26,917,144,356,.404,43,149,.289,101,207,.488,.465,98,123,.797,9,98,107,236,28,8,55,63,429,dinwisp01,2023
124,Donte DiVincenzo,SG,26,GSW,72,36,1894,235,540,.435,150,378,.397,85,162,.525,.574,58,71,.817,80,245,325,252,97,10,112,133,678,divindo01,2023
125,Luka Dončić,PG,23,DAL,66,66,2391,719,1449,.496,185,541,.342,534,908,.588,.560,515,694,.742,54,515,569,529,90,33,236,166,2138,doncilu01,2023
126,Tyler Dorsey,SF,26,DAL,3,0,8,4,5,.800,1,2,.500,3,3,1.000,.900,0,0,,1,1,2,0,0,0,0,0,9,dorsety01,2023
127,Luguentz Dort,SF,23,OKC,74,73,2272,339,873,.388,135,409,.330,204,464,.440,.466,200,259,.772,128,216,344,154,75,23,92,243,1013,dortlu01,2023
128,Ayo Dosunmu,SG,23,CHI,80,51,2098,281,570,.493,59,189,.312,222,381,.583,.545,66,82,.805,45,175,220,206,62,26,99,182,687,dosunay01,2023
129,Devon Dotson,PG,23,WAS,6,0,53,1,10,.100,1,4,.250,0,6,.000,.150,0,0,,6,4,10,8,5,0,3,9,3,dotsode01,2023
130,Jeff Dowtin,PG,25,TOR,25,0,259,25,57,.439,5,16,.313,20,41,.488,.482,6,9,.667,6,17,23,31,9,3,5,13,61,dowtije01,2023
131,PJ Dozier,SF,26,SAC,16,0,79,10,33,.303,2,16,.125,8,17,.471,.333,0,0,,1,13,14,10,6,1,5,7,22,doziepj01,2023
132,Goran Dragić,PG,36,TOT,58,0,870,141,335,.421,52,145,.359,89,190,.468,.499,31,45,.689,16,65,81,151,13,4,63,65,365,dragigo01,2023
132,Goran Dragić,PG,36,CHI,51,0,787,127,299,.425,45,128,.352,82,171,.480,.500,27,41,.659,13,56,69,139,11,4,56,63,326,dragigo01,2023
132,Goran Dragić,PG,36,MIL,7,0,83,14,36,.389,7,17,.412,7,19,.368,.486,4,4,1.000,3,9,12,12,2,0,7,2,39,dragigo01,2023
133,Andre Drummond,C,29,CHI,67,0,849,166,274,.606,0,3,.000,166,271,.613,.606,67,125,.536,138,306,444,33,45,27,75,117,399,drumman01,2023
134,Chris Duarte,SF,25,IND,46,12,897,123,333,.369,55,174,.316,68,159,.428,.452,61,72,.847,19,96,115,64,25,9,41,65,362,duartch01,2023
135,David Duke Jr.,SG,23,BRK,23,0,228,36,78,.462,1,12,.083,35,66,.530,.468,12,17,.706,11,18,29,21,10,1,18,31,85,dukeda01,2023
136,Kris Dunn,PG,28,UTA,22,3,568,116,216,.537,17,36,.472,99,180,.550,.576,41,53,.774,9,91,100,124,25,10,35,58,290,dunnkr01,2023
137,Kevin Durant,PF,34,TOT,47,47,1672,483,862,.560,93,230,.404,390,632,.617,.614,307,334,.919,17,296,313,235,34,67,156,99,1366,duranke01,2023
137,Kevin Durant,PF,34,BRK,39,39,1403,410,734,.559,71,189,.376,339,545,.622,.607,267,286,.934,14,248,262,207,32,57,136,92,1158,duranke01,2023
137,Kevin Durant,PF,34,PHO,8,8,269,73,128,.570,22,41,.537,51,87,.586,.656,40,48,.833,3,48,51,28,2,10,20,7,208,duranke01,2023
138,Jalen Duren,C,19,DET,67,31,1670,258,398,.648,0,2,.000,258,396,.652,.648,96,157,.611,229,366,595,75,44,59,92,182,612,durenja01,2023
139,Tari Eason,PF,21,HOU,82,5,1767,296,660,.448,59,172,.343,237,488,.486,.493,109,145,.752,195,301,496,88,96,47,101,189,760,easonta01,2023
140,Anthony Edwards,SG,21,MIN,79,79,2842,707,1541,.459,213,578,.369,494,963,.513,.528,319,422,.756,47,411,458,350,125,58,259,186,1946,edwaran01,2023
141,Kessler Edwards,SF,22,TOT,36,4,385,36,93,.387,17,55,.309,19,38,.500,.478,11,15,.733,23,38,61,23,14,6,13,40,100,edwarke02,2023
141,Kessler Edwards,SF,22,BRK,14,1,79,6,24,.250,2,12,.167,4,12,.333,.292,1,2,.500,6,8,14,2,3,1,4,3,15,edwarke02,2023
141,Kessler Edwards,SF,22,SAC,22,3,306,30,69,.435,15,43,.349,15,26,.577,.543,10,13,.769,17,30,47,21,11,5,9,37,85,edwarke02,2023
142,Keon Ellis,SG,23,SAC,16,0,71,7,16,.438,6,12,.500,1,4,.250,.625,4,7,.571,4,4,8,6,5,1,1,10,24,elliske01,2023
143,Joel Embiid,C,28,PHI,66,66,2284,728,1328,.548,66,200,.330,662,1128,.587,.573,661,771,.857,113,557,670,274,66,112,226,205,2183,embiijo01,2023
144,Drew Eubanks,C,25,POR,78,28,1584,214,334,.641,7,18,.389,207,316,.655,.651,83,125,.664,132,286,418,103,40,102,67,169,518,eubandr01,2023
145,Bruno Fernando,C,24,TOT,39,4,405,59,112,.527,0,4,.000,59,108,.546,.527,35,50,.700,54,83,137,31,6,34,25,74,153,fernabr01,2023
145,Bruno Fernando,C,24,HOU,31,4,364,48,93,.516,0,1,.000,48,92,.522,.516,30,44,.682,48,74,122,30,6,31,20,68,126,fernabr01,2023
145,Bruno Fernando,C,24,ATL,8,0,41,11,19,.579,0,3,.000,11,16,.688,.579,5,6,.833,6,9,15,1,0,3,5,6,27,fernabr01,2023
146,Dorian Finney-Smith,PF,29,TOT,66,66,2009,196,501,.391,114,338,.337,82,163,.503,.505,45,59,.763,114,202,316,100,55,36,62,144,551,finnedo01,2023
146,Dorian Finney-Smith,PF,29,DAL,40,40,1288,129,310,.416,77,217,.355,52,93,.559,.540,30,40,.750,67,121,188,59,38,20,36,80,365,finnedo01,2023
146,Dorian Finney-Smith,PF,29,BRK,26,26,721,67,191,.351,37,121,.306,30,70,.429,.448,15,19,.789,47,81,128,41,17,16,26,64,186,finnedo01,2023
147,Malachi Flynn,PG,24,TOR,53,2,691,87,242,.360,47,133,.353,40,109,.367,.457,25,33,.758,15,61,76,70,21,4,25,65,246,flynnma01,2023
148,Simone Fontecchio,SF,27,UTA,52,6,766,115,312,.369,63,191,.330,52,121,.430,.470,35,44,.795,31,55,86,42,15,8,39,62,328,fontesi01,2023
149,Bryn Forbes,SG,29,MIN,25,0,268,30,83,.361,14,46,.304,16,37,.432,.446,15,15,1.000,4,11,15,17,7,2,12,22,89,forbebr01,2023
150,Trent Forrest,SG,24,ATL,23,3,277,25,60,.417,0,2,.000,25,58,.431,.417,2,3,.667,5,32,37,38,7,2,15,17,52,forretr01,2023
151,Michael Foster Jr.,PF,20,PHI,1,0,1,0,0,,0,0,,0,0,,,0,0,,0,0,0,0,0,0,0,0,0,fostemi02,2023
152,Evan Fournier,SG,30,NYK,27,7,459,56,166,.337,35,114,.307,21,52,.404,.443,18,21,.857,4,45,49,36,16,3,22,46,165,fournev01,2023
153,De'Aaron Fox,PG,25,SAC,73,73,2435,682,1331,.512,119,367,.324,563,964,.584,.557,343,440,.780,40,266,306,447,83,23,181,172,1826,foxde01,2023
154,Markelle Fultz,PG,24,ORL,60,60,1778,349,679,.514,27,87,.310,322,592,.544,.534,112,143,.783,69,165,234,341,87,26,139,131,837,fultzma01,2023
155,Wenyen Gabriel,C,25,LAL,68,2,1024,155,260,.596,10,36,.278,145,224,.647,.615,52,84,.619,116,170,286,36,26,35,46,144,372,gabriwe01,2023
156,Daniel Gafford,C,24,WAS,78,47,1604,289,395,.732,0,0,,289,395,.732,.732,127,187,.679,163,270,433,84,33,99,85,187,705,gaffoda01,2023
157,Darius Garland,PG,23,CLE,69,69,2447,522,1129,.462,169,412,.410,353,717,.492,.537,277,321,.863,28,157,185,538,85,9,199,148,1490,garlada01,2023
158,Usman Garuba,C,20,HOU,75,1,970,86,177,.486,24,59,.407,62,118,.525,.554,29,47,.617,120,187,307,64,44,29,47,135,225,garubus01,2023
159,Luka Garza,C,24,MIN,28,0,243,63,116,.543,14,39,.359,49,77,.636,.603,41,52,.788,33,30,63,18,3,2,14,43,181,garzalu01,2023
160,Rudy Gay,PF,36,UTA,56,0,816,109,287,.380,33,130,.254,76,157,.484,.437,42,49,.857,33,130,163,57,19,18,37,68,293,gayru01,2023
161,Paul George,SF,32,LAC,56,56,1939,459,1004,.457,158,426,.371,301,578,.521,.536,256,294,.871,45,297,342,288,83,20,176,159,1332,georgpa01,2023
162,Taj Gibson,C,37,WAS,49,2,480,65,125,.520,8,24,.333,57,101,.564,.552,30,42,.714,32,61,93,34,15,12,26,84,168,gibsota01,2023
163,Josh Giddey,PF,20,OKC,76,76,2367,539,1118,.482,76,234,.325,463,884,.524,.516,106,145,.731,148,451,599,469,57,31,211,143,1260,giddejo01,2023
164,Shai Gilgeous-Alexander,PG,24,OKC,68,68,2416,704,1381,.510,58,168,.345,646,1213,.533,.531,669,739,.905,59,270,329,371,112,65,192,192,2135,gilgesh01,2023
165,Anthony Gill,PF,30,WAS,59,8,624,71,132,.538,4,29,.138,67,103,.650,.553,49,67,.731,37,62,99,34,7,12,15,70,195,gillan01,2023
166,Jacob Gilyard,PG,24,MEM,1,0,41,1,3,.333,1,3,.333,0,0,,.500,0,0,,0,4,4,7,3,0,2,3,3,gilyaja01,2023
167,Rudy Gobert,C,30,MIN,70,70,2148,360,546,.659,0,3,.000,360,543,.663,.659,219,340,.644,231,583,814,87,56,95,122,210,939,goberru01,2023
168,Jordan Goodwin,PG,24,WAS,62,7,1106,158,353,.448,38,118,.322,120,235,.511,.501,53,69,.768,57,148,205,168,58,26,57,95,407,goodwjo01,2023
169,Aaron Gordon,PF,27,DEN,68,68,2055,429,761,.564,60,173,.347,369,588,.628,.603,191,314,.608,164,282,446,203,54,51,98,129,1109,gordoaa01,2023
170,Eric Gordon,SG,34,TOT,69,58,1965,291,653,.446,132,356,.371,159,297,.535,.547,142,173,.821,16,118,134,183,43,25,104,78,856,gordoer01,2023
170,Eric Gordon,SG,34,HOU,47,47,1418,210,478,.439,85,245,.347,125,233,.536,.528,110,135,.815,12,85,97,136,30,17,83,45,615,gordoer01,2023
170,Eric Gordon,SG,34,LAC,22,11,547,81,175,.463,47,111,.423,34,64,.531,.597,32,38,.842,4,33,37,47,13,8,21,33,241,gordoer01,2023
171,Devonte' Graham,PG,27,TOT,73,8,1338,161,431,.374,119,338,.352,42,93,.452,.512,98,131,.748,19,103,122,196,45,16,53,79,539,grahade01,2023
171,Devonte' Graham,PG,27,NOP,53,0,811,85,231,.368,66,190,.347,19,41,.463,.511,44,59,.746,12,60,72,116,30,10,27,48,280,grahade01,2023
171,Devonte' Graham,PG,27,SAS,20,8,527,76,200,.380,53,148,.358,23,52,.442,.513,54,72,.750,7,43,50,80,15,6,26,31,259,grahade01,2023
172,Jerami Grant,PF,28,POR,63,63,2246,434,913,.475,144,359,.401,290,554,.523,.554,278,342,.813,53,230,283,150,51,53,116,152,1290,grantje01,2023
173,RaiQuan Gray,PF,23,BRK,1,0,35,6,12,.500,2,5,.400,4,7,.571,.583,2,2,1.000,3,6,9,7,0,1,4,5,16,grayra01,2023
174,A.J. Green,SG,23,MIL,35,1,345,53,125,.424,44,105,.419,9,20,.450,.600,4,4,1.000,6,39,45,22,6,0,9,31,154,greenaj01,2023
175,Danny Green,SG,35,TOT,11,0,138,22,49,.449,16,37,.432,6,12,.500,.612,1,1,1.000,3,11,14,6,6,3,10,16,61,greenda02,2023
175,Danny Green,SG,35,MEM,3,0,43,3,11,.273,3,8,.375,0,3,.000,.409,0,0,,1,3,4,2,1,0,3,6,9,greenda02,2023
175,Danny Green,SG,35,CLE,8,0,95,19,38,.500,13,29,.448,6,9,.667,.671,1,1,1.000,2,8,10,4,5,3,7,10,52,greenda02,2023
176,Draymond Green,PF,32,GSW,73,73,2297,250,474,.527,40,131,.305,210,343,.612,.570,77,108,.713,66,459,525,500,74,60,204,229,617,greendr01,2023
177,Jalen Green,SG,20,HOU,76,76,2602,566,1359,.416,187,554,.338,379,805,.471,.485,364,463,.786,43,241,284,281,59,18,200,131,1683,greenja05,2023
178,JaMychal Green,PF,32,GSW,57,1,797,136,252,.540,42,111,.378,94,141,.667,.623,52,67,.776,72,133,205,51,25,23,52,105,366,greenja01,2023
179,Javonte Green,SF,29,CHI,32,1,480,61,108,.565,13,35,.371,48,73,.658,.625,30,45,.667,27,61,88,23,24,21,20,52,165,greenja02,2023
180,Jeff Green,PF,36,DEN,56,4,1091,160,328,.488,30,104,.288,130,224,.580,.534,87,117,.744,38,106,144,69,18,17,46,99,437,greenje02,2023
181,Josh Green,SG,22,DAL,60,21,1539,205,382,.537,68,169,.402,137,213,.643,.626,68,94,.723,55,127,182,103,42,5,72,156,546,greenjo02,2023
182,AJ Griffin,SF,19,ATL,72,12,1401,248,533,.465,101,259,.390,147,274,.536,.560,42,47,.894,37,116,153,73,42,12,42,87,639,griffaj01,2023
183,Blake Griffin,C,33,BOS,41,16,569,63,130,.485,23,66,.348,40,64,.625,.573,21,32,.656,47,108,155,61,14,9,22,75,170,griffbl01,2023
184,Quentin Grimes,SG,22,NYK,71,66,2121,282,602,.468,157,407,.386,125,195,.641,.599,78,98,.796,49,180,229,150,47,26,69,177,799,grimequ01,2023
185,Rui Hachimura,PF,24,TOT,63,9,1466,284,584,.486,51,160,.319,233,424,.550,.530,88,119,.739,53,230,283,58,19,26,53,72,707,hachiru01,2023
185,Rui Hachimura,PF,24,WAS,30,0,728,158,324,.488,30,89,.337,128,235,.545,.534,44,58,.759,19,109,128,35,11,12,36,39,390,hachiru01,2023
185,Rui Hachimura,PF,24,LAL,33,9,738,126,260,.485,21,71,.296,105,189,.556,.525,44,61,.721,34,121,155,23,8,14,17,33,317,hachiru01,2023
186,Tyrese Haliburton,PG,22,IND,56,56,1883,412,841,.490,161,402,.400,251,439,.572,.586,175,201,.871,33,172,205,585,91,25,141,69,1160,halibty01,2023
187,Jordan Hall,SF,21,SAS,9,0,83,9,28,.321,3,15,.200,6,13,.462,.375,7,9,.778,3,9,12,11,1,0,7,6,28,halljo02,2023
188,R.J. Hampton,SG,21,TOT,47,3,750,102,237,.430,41,116,.353,61,121,.504,.517,57,76,.750,18,69,87,54,27,9,42,51,302,hamptrj01,2023
188,R.J. Hampton,SG,21,ORL,26,0,361,50,114,.439,18,53,.340,32,61,.525,.518,31,37,.838,9,30,39,34,16,4,21,22,149,hamptrj01,2023
188,R.J. Hampton,SG,21,DET,21,3,389,52,123,.423,23,63,.365,29,60,.483,.516,26,39,.667,9,39,48,20,11,5,21,29,153,hamptrj01,2023
189,Tim Hardaway Jr.,SF,30,DAL,71,45,2152,340,847,.401,212,550,.385,128,297,.431,.527,127,165,.770,21,230,251,129,49,12,60,120,1019,hardati02,2023
190,James Harden,PG,33,PHI,58,58,2135,371,842,.441,161,418,.385,210,424,.495,.536,313,361,.867,40,314,354,618,71,31,195,112,1216,hardeja01,2023
191,Jaden Hardy,SG,20,DAL,48,5,708,146,333,.438,63,156,.404,83,177,.469,.533,65,79,.823,11,78,89,65,17,7,46,64,420,hardyja02,2023
192,Ron Harper Jr.,PF,22,TOR,9,0,48,8,16,.500,3,9,.333,5,7,.714,.594,1,1,1.000,3,4,7,4,0,1,0,3,20,harpero02,2023
193,Montrezl Harrell,C,29,PHI,57,7,681,125,209,.598,0,6,.000,125,203,.616,.598,70,101,.693,67,92,159,33,17,25,35,75,320,harremo01,2023
194,Gary Harris,SG,28,ORL,48,42,1184,138,307,.450,94,218,.431,44,89,.494,.603,27,30,.900,21,77,98,59,45,12,28,93,397,harriga01,2023
195,Joe Harris,SF,31,BRK,74,33,1527,201,440,.457,142,333,.426,59,107,.551,.618,18,28,.643,23,141,164,101,34,13,41,140,562,harrijo01,2023
196,Kevon Harris,SG,25,ORL,34,0,457,47,107,.439,16,43,.372,31,64,.484,.514,31,41,.756,28,42,70,16,17,5,21,53,141,harrike01,2023
197,Tobias Harris,SF,30,PHI,74,74,2436,423,845,.501,126,324,.389,297,521,.570,.575,113,129,.876,67,357,424,186,68,40,89,149,1085,harrito02,2023
198,Shaquille Harrison,SG,29,POR,5,0,120,15,36,.417,3,10,.300,12,26,.462,.458,11,15,.733,1,21,22,30,11,2,6,12,44,harrish01,2023
199,Josh Hart,SF,27,TOT,76,52,2454,275,520,.529,61,164,.372,214,356,.601,.588,132,176,.750,142,451,593,290,88,21,117,195,743,hartjo01,2023
199,Josh Hart,SF,27,POR,51,51,1704,183,363,.504,34,112,.304,149,251,.594,.551,87,119,.731,95,322,417,200,54,9,79,133,487,hartjo01,2023
199,Josh Hart,SF,27,NYK,25,1,750,92,157,.586,27,52,.519,65,105,.619,.672,45,57,.789,47,129,176,90,34,12,38,62,256,hartjo01,2023
200,Isaiah Hartenstein,C,24,NYK,82,8,1626,175,327,.535,8,37,.216,167,290,.576,.547,48,71,.676,209,327,536,102,53,64,66,213,406,harteis01,2023
201,Udonis Haslem,C,42,MIA,7,1,71,10,29,.345,3,9,.333,7,20,.350,.397,4,5,.800,4,7,11,0,1,2,1,11,27,hasleud01,2023
202,Sam Hauser,SF,25,BOS,80,8,1290,180,396,.455,140,335,.418,40,61,.656,.631,12,17,.706,35,169,204,71,29,21,30,99,512,hausesa01,2023
203,Jaxson Hayes,C,22,NOP,47,2,610,86,156,.551,3,29,.103,83,127,.654,.561,58,83,.699,39,93,132,34,20,19,31,67,233,hayesja02,2023
204,Killian Hayes,PG,21,DET,76,56,2154,307,815,.377,80,286,.280,227,529,.429,.426,92,112,.821,28,193,221,470,104,28,173,219,786,hayeski01,2023
205,Gordon Hayward,SF,32,CHO,50,50,1577,276,581,.475,52,160,.325,224,421,.532,.520,129,159,.811,33,182,215,206,42,12,99,70,733,haywago01,2023
206,Juancho Hernangómez,PF,27,TOR,42,10,614,48,114,.421,17,67,.254,31,47,.660,.496,9,16,.563,27,96,123,25,16,6,15,43,122,hernaju01,2023
207,Willy Hernangómez,C,28,NOP,38,2,458,89,169,.527,3,11,.273,86,158,.544,.536,81,104,.779,58,122,180,33,17,13,39,64,262,hernawi01,2023
208,Tyler Herro,SG,23,MIA,67,67,2337,487,1109,.439,203,537,.378,284,572,.497,.531,170,182,.934,27,333,360,280,51,16,158,101,1347,herroty01,2023
209,Buddy Hield,SF,30,IND,80,73,2482,475,1038,.458,288,677,.425,187,361,.518,.596,106,129,.822,67,333,400,225,92,26,139,156,1344,hieldbu01,2023
210,Haywood Highsmith,PF,26,MIA,54,11,969,93,216,.431,37,109,.339,56,107,.523,.516,13,28,.464,57,131,188,43,36,17,45,82,236,highsha01,2023
211,George Hill,PG-SG,36,TOT,46,1,834,78,166,.470,34,95,.358,44,71,.620,.572,42,55,.764,15,70,85,110,26,6,34,55,232,hillge01,2023
211,George Hill,PG,36,MIL,35,0,668,59,132,.447,23,74,.311,36,58,.621,.534,34,46,.739,13,54,67,89,19,3,27,41,175,hillge01,2023
211,George Hill,SG,36,IND,11,1,166,19,34,.559,11,21,.524,8,13,.615,.721,8,9,.889,2,16,18,21,7,3,7,14,57,hillge01,2023
212,Malcolm Hill,SF,27,CHI,5,0,9,2,4,.500,1,3,.333,1,1,1.000,.625,0,0,,0,3,3,0,0,0,0,1,5,hillma01,2023
213,Aaron Holiday,PG,26,ATL,63,6,845,92,220,.418,36,88,.409,56,132,.424,.500,27,32,.844,25,49,74,89,37,12,36,79,247,holidaa01,2023
214,Jrue Holiday,PG,32,MIL,67,65,2183,490,1023,.479,158,411,.384,332,612,.542,.556,152,177,.859,79,262,341,495,79,25,197,116,1290,holidjr01,2023
215,Justin Holiday,SF,33,TOT,46,2,706,77,204,.377,46,143,.322,31,61,.508,.490,5,8,.625,5,50,55,41,19,19,22,68,205,holidju01,2023
215,Justin Holiday,SF,33,ATL,28,0,411,48,125,.384,30,87,.345,18,38,.474,.504,0,0,,2,21,23,25,5,10,12,37,126,holidju01,2023
215,Justin Holiday,SF,33,DAL,18,2,295,29,79,.367,16,56,.286,13,23,.565,.468,5,8,.625,3,29,32,16,14,9,10,31,79,holidju01,2023
216,Richaun Holmes,C,29,SAC,42,1,348,55,89,.618,5,8,.625,50,81,.617,.646,15,19,.789,29,51,80,9,3,11,14,50,130,holmeri01,2023
217,Al Horford,C,36,BOS,63,63,1922,228,479,.476,145,325,.446,83,154,.539,.627,15,21,.714,73,317,390,189,30,61,37,121,616,horfoal01,2023
218,Talen Horton-Tucker,SG,22,UTA,65,20,1313,257,613,.419,58,203,.286,199,410,.485,.467,126,168,.750,41,169,210,246,41,29,126,108,698,hortota01,2023
219,Danuel House Jr.,SF,29,PHI,56,5,807,93,197,.472,37,110,.336,56,87,.644,.566,45,60,.750,9,85,94,44,14,9,26,69,268,houseda01,2023
220,Caleb Houstan,SF,20,ORL,51,4,812,66,182,.363,46,136,.338,20,46,.435,.489,15,18,.833,34,65,99,30,12,7,18,63,193,houstca01,2023
221,Trevor Hudgins,PG,23,HOU,5,0,28,2,9,.222,2,8,.250,0,1,.000,.333,3,3,1.000,0,0,0,3,0,0,1,1,9,hudgitr01,2023
222,Kevin Huerter,SG,24,SAC,75,75,2203,420,866,.485,205,510,.402,215,356,.604,.603,95,131,.725,42,209,251,221,80,24,97,181,1140,huertke01,2023
223,Jay Huff,C,24,WAS,7,0,95,15,25,.600,6,12,.500,9,13,.692,.720,15,16,.938,6,15,21,10,3,4,5,15,51,huffja01,2023
224,De'Andre Hunter,SF,25,ATL,67,67,2126,379,822,.461,100,286,.350,279,536,.521,.522,171,207,.826,46,238,284,94,35,17,82,199,1029,huntede01,2023
225,Bones Hyland,PG,22,TOT,56,1,1085,228,571,.399,117,315,.371,111,256,.434,.502,86,102,.843,20,115,135,172,39,15,82,96,659,hylanbo01,2023
225,Bones Hyland,PG,22,DEN,42,1,820,173,434,.399,91,241,.378,82,193,.425,.503,71,82,.866,10,76,86,125,28,13,67,66,508,hylanbo01,2023
225,Bones Hyland,PG,22,LAC,14,0,265,55,137,.401,26,74,.351,29,63,.460,.496,15,20,.750,10,39,49,47,11,2,15,30,151,hylanbo01,2023
226,Serge Ibaka,C,33,MIL,16,0,185,26,54,.481,6,18,.333,20,36,.556,.537,8,13,.615,15,29,44,4,2,7,11,23,66,ibakase01,2023
227,Andre Iguodala,PF,39,GSW,8,0,113,7,15,.467,1,9,.111,6,6,1.000,.500,2,3,.667,3,14,17,19,4,3,9,11,17,iguodan01,2023
228,Joe Ingles,SF,35,MIL,46,0,1044,108,248,.435,83,203,.409,25,45,.556,.603,18,21,.857,13,115,128,150,33,6,55,74,317,inglejo01,2023
229,Brandon Ingram,SF,25,NOP,45,45,1538,404,835,.484,64,164,.390,340,671,.507,.522,240,272,.882,23,223,246,262,32,19,148,116,1112,ingrabr01,2023
230,Kyrie Irving,PG-SG,30,TOT,60,60,2241,594,1203,.494,188,496,.379,406,707,.574,.572,247,273,.905,59,245,304,331,66,45,128,165,1623,irvinky01,2023
230,Kyrie Irving,PG,30,BRK,40,40,1478,398,819,.486,130,348,.374,268,471,.569,.565,158,179,.883,38,166,204,211,41,33,91,109,1084,irvinky01,2023
230,Kyrie Irving,SG,30,DAL,20,20,763,196,384,.510,58,148,.392,138,236,.585,.586,89,94,.947,21,79,100,120,25,12,37,56,539,irvinky01,2023
231,Jonathan Isaac,PF,25,ORL,11,0,124,22,53,.415,6,15,.400,16,38,.421,.472,5,9,.556,15,29,44,6,14,4,4,5,55,isaacjo01,2023
232,Jaden Ivey,SG,20,DET,74,73,2304,409,983,.416,120,350,.343,289,633,.457,.477,266,356,.747,73,215,288,387,61,17,237,242,1204,iveyja01,2023
233,Frank Jackson,PG,24,UTA,1,0,5,0,3,.000,0,1,.000,0,2,.000,.000,0,0,,1,1,2,1,0,0,0,0,0,jacksfr01,2023
234,Isaiah Jackson,C,21,IND,63,12,1042,179,318,.563,2,14,.143,177,304,.582,.566,95,146,.651,113,169,282,51,31,93,51,154,455,jacksis01,2023
235,Jaren Jackson Jr.,C,23,MEM,63,63,1787,416,822,.506,100,282,.355,316,540,.585,.567,241,306,.788,108,318,426,60,65,189,107,227,1173,jacksja02,2023
236,Justin Jackson,SF,27,BOS,23,0,107,7,27,.259,5,20,.250,2,7,.286,.352,1,2,.500,2,15,17,9,4,4,2,7,20,jacksju01,2023
237,Quenton Jackson,PG,24,WAS,9,0,135,19,42,.452,1,12,.083,18,30,.600,.464,17,22,.773,2,6,8,15,4,1,4,10,56,jacksqu01,2023
238,Reggie Jackson,PG,32,TOT,68,40,1657,263,640,.411,96,288,.333,167,352,.474,.486,71,78,.910,25,119,144,233,47,6,115,114,693,jacksre01,2023
238,Reggie Jackson,PG,32,LAC,52,38,1338,214,512,.418,77,220,.350,137,292,.469,.493,61,66,.924,22,94,116,183,38,5,96,92,566,jacksre01,2023
238,Reggie Jackson,PG,32,DEN,16,2,319,49,128,.383,19,68,.279,30,60,.500,.457,10,12,.833,3,25,28,50,9,1,19,22,127,jacksre01,2023
239,LeBron James,PF,38,LAL,55,54,1954,609,1219,.500,121,377,.321,488,842,.580,.549,251,327,.768,65,392,457,375,50,32,178,88,1590,jamesle01,2023
240,Ty Jerome,SG,25,GSW,45,2,816,118,242,.488,35,90,.389,83,152,.546,.560,38,41,.927,7,71,78,135,23,5,30,64,309,jeromty01,2023
241,Isaiah Joe,SG,23,OKC,73,10,1395,224,508,.441,161,394,.409,63,114,.553,.599,82,100,.820,27,148,175,88,48,8,39,105,691,joeis01,2023
242,Alize Johnson,PF,26,SAS,4,0,30,3,6,.500,0,2,.000,3,4,.750,.500,1,2,.500,2,8,10,1,1,0,4,3,7,johnsal02,2023
243,Cameron Johnson,PF,26,TOT,42,41,1199,223,474,.470,103,255,.404,120,219,.548,.579,101,120,.842,34,151,185,78,50,14,37,83,650,johnsca02,2023
243,Cameron Johnson,PF,26,PHO,17,16,429,82,173,.474,45,99,.455,37,74,.500,.604,27,33,.818,14,51,65,26,15,6,10,29,236,johnsca02,2023
243,Cameron Johnson,PF,26,BRK,25,25,770,141,301,.468,58,156,.372,83,145,.572,.565,74,87,.851,20,100,120,52,35,8,27,54,414,johnsca02,2023
244,Jalen Johnson,SF,21,ATL,70,6,1042,158,322,.491,30,104,.288,128,218,.587,.537,49,78,.628,51,231,282,83,38,34,41,113,395,johnsja05,2023
245,James Johnson,PF,35,IND,18,1,162,22,49,.449,3,15,.200,19,34,.559,.480,4,8,.500,4,26,30,15,7,6,8,32,51,johnsja01,2023
246,Keldon Johnson,SF,23,SAS,63,63,2063,503,1113,.452,134,407,.329,369,706,.523,.512,245,327,.749,56,262,318,183,46,11,134,125,1385,johnske04,2023
247,Keon Johnson,SG,20,POR,40,0,416,67,178,.376,28,81,.346,39,97,.402,.455,27,41,.659,11,33,44,59,19,6,43,43,189,johnske07,2023
248,Stanley Johnson,SF,26,SAS,30,0,469,65,122,.533,18,40,.450,47,82,.573,.607,26,39,.667,22,73,95,67,16,6,33,48,174,johnsst04,2023
249,Nikola Jokić,C,27,DEN,69,69,2323,646,1022,.632,57,149,.383,589,873,.675,.660,341,415,.822,167,650,817,678,87,47,247,174,1690,jokicni01,2023
250,Carlik Jones,PG,25,CHI,7,0,56,6,15,.400,3,6,.500,3,9,.333,.500,5,8,.625,1,4,5,6,2,0,2,2,20,jonesca03,2023
251,Damian Jones,C,27,TOT,41,1,477,55,86,.640,10,17,.588,45,69,.652,.698,22,29,.759,42,80,122,15,8,21,23,55,142,jonesda03,2023
251,Damian Jones,C,27,LAL,22,1,176,20,37,.541,0,3,.000,20,34,.588,.541,15,20,.750,18,37,55,4,3,12,9,17,55,jonesda03,2023
251,Damian Jones,C,27,UTA,19,0,301,35,49,.714,10,14,.714,25,35,.714,.816,7,9,.778,24,43,67,11,5,9,14,38,87,jonesda03,2023
252,Derrick Jones Jr.,PF,25,CHI,64,0,893,115,230,.500,27,80,.338,88,150,.587,.559,62,84,.738,60,93,153,34,29,37,25,86,319,jonesde02,2023
253,Herbert Jones,PF,24,NOP,66,66,1951,235,501,.469,56,167,.335,179,334,.536,.525,123,161,.764,97,172,269,162,103,42,88,208,649,joneshe01,2023
254,Kai Jones,C,22,CHO,46,0,550,67,120,.558,4,19,.211,63,101,.624,.575,19,26,.731,37,86,123,15,17,30,31,65,157,joneska01,2023
255,Tre Jones,PG,23,SAS,68,65,1984,341,743,.459,45,158,.285,296,585,.506,.489,148,172,.860,56,189,245,448,89,9,110,98,875,jonestr01,2023
256,Tyus Jones,PG,26,MEM,80,22,1940,311,710,.438,121,326,.371,190,384,.495,.523,80,100,.800,28,172,200,417,83,6,74,32,823,jonesty01,2023
257,DeAndre Jordan,C,34,DEN,39,8,586,88,115,.765,1,1,1.000,87,114,.763,.770,22,48,.458,52,150,202,34,12,23,48,71,199,jordade01,2023
258,Cory Joseph,PG,31,DET,62,2,1227,150,351,.427,70,180,.389,80,171,.468,.527,57,72,.792,21,85,106,217,34,9,56,88,427,josepco01,2023
259,Nikola Jović,PF,19,MIA,15,8,204,28,69,.406,8,35,.229,20,34,.588,.464,18,19,.947,9,22,31,10,7,2,10,19,82,jovicni01,2023
260,Johnny Juzang,SG,21,UTA,18,0,232,35,104,.337,15,63,.238,20,41,.488,.409,2,4,.500,8,31,39,8,4,3,3,13,87,juzanjo01,2023
261,Mfiondu Kabengele,PF,25,BOS,4,0,36,2,7,.286,0,3,.000,2,4,.500,.286,2,2,1.000,5,5,10,0,2,0,1,3,6,kabenmf01,2023
262,Frank Kaminsky,C,29,TOT,36,0,235,31,63,.492,13,33,.394,18,30,.600,.595,14,16,.875,7,45,52,32,6,4,9,22,89,kaminfr01,2023
262,Frank Kaminsky,C,29,ATL,26,0,176,25,44,.568,11,23,.478,14,21,.667,.693,10,12,.833,3,33,36,21,5,1,9,21,71,kaminfr01,2023
262,Frank Kaminsky,C,29,HOU,10,0,59,6,19,.316,2,10,.200,4,9,.444,.368,4,4,1.000,4,12,16,11,1,3,0,1,18,kaminfr01,2023
263,Trevor Keels,SG,19,NYK,3,0,8,1,4,.250,1,4,.250,0,0,,.375,0,0,,0,2,2,0,0,0,0,0,3,keelstr01,2023
264,Luke Kennard,SG,26,TOT,59,14,1315,188,382,.492,133,269,.494,55,113,.487,.666,37,39,.949,15,143,158,91,32,5,46,82,546,kennalu01,2023
264,Luke Kennard,SG,26,LAC,35,11,725,98,211,.464,59,132,.447,39,79,.494,.604,19,20,.950,6,77,83,37,19,4,30,47,274,kennalu01,2023
264,Luke Kennard,SG,26,MEM,24,3,590,90,171,.526,74,137,.540,16,34,.471,.743,18,19,.947,9,66,75,54,13,1,16,35,272,kennalu01,2023
265,Walker Kessler,C,21,UTA,74,40,1703,298,414,.720,1,3,.333,297,411,.723,.721,82,159,.516,231,389,620,69,26,173,58,169,679,kesslwa01,2023
266,Braxton Key,SF,25,DET,3,0,9,1,1,1.000,0,0,,1,1,1.000,1.000,2,2,1.000,0,1,1,0,0,0,0,0,4,keybr01,2023
267,Louis King,PF,23,PHI,1,0,29,8,13,.615,4,8,.500,4,5,.800,.769,0,1,.000,2,2,4,2,1,0,2,4,20,kinglo02,2023
268,Corey Kispert,SF,23,WAS,74,45,2093,291,585,.497,163,384,.424,128,201,.637,.637,75,88,.852,33,174,207,87,32,9,55,97,820,kispeco01,2023
269,Maxi Kleber,PF,31,DAL,37,5,930,77,169,.456,39,112,.348,38,57,.667,.571,27,38,.711,30,105,135,52,12,30,27,85,220,klebima01,2023
270,Nathan Knight,C,25,MIN,38,0,291,46,81,.568,8,22,.364,38,59,.644,.617,39,57,.684,22,34,56,13,10,6,21,41,139,knighna01,2023
271,Kevin Knox,SF-PF,23,TOT,63,5,952,152,332,.458,65,186,.349,87,146,.596,.556,46,60,.767,34,143,177,33,24,12,50,95,415,knoxke01,2023
271,Kevin Knox,SF,23,DET,42,1,593,84,179,.469,43,116,.371,41,63,.651,.589,26,33,.788,20,88,108,15,14,12,32,74,237,knoxke01,2023
271,Kevin Knox,PF,23,POR,21,4,359,68,153,.444,22,70,.314,46,83,.554,.516,20,27,.741,14,55,69,18,10,0,18,21,178,knoxke01,2023
272,Christian Koloko,C,22,TOR,58,19,802,72,150,.480,1,12,.083,71,138,.514,.483,37,59,.627,84,87,171,31,21,57,20,128,182,kolokch01,2023
273,John Konchar,SF,26,MEM,72,23,1494,138,320,.431,60,177,.339,78,143,.545,.525,28,36,.778,64,246,310,100,77,25,37,112,364,konchjo01,2023
274,Furkan Korkmaz,SG,25,PHI,37,0,353,48,111,.432,18,46,.391,30,65,.462,.514,26,36,.722,6,36,42,22,10,3,24,18,140,korkmfu01,2023
275,Luke Kornet,C,27,BOS,69,0,804,113,170,.665,3,13,.231,110,157,.701,.674,32,39,.821,86,111,197,53,11,46,25,81,261,kornelu01,2023
276,Vit Krejci,PG,22,ATL,29,0,165,15,37,.405,5,21,.238,10,16,.625,.473,1,2,.500,6,20,26,17,5,1,5,17,36,krejcvi01,2023
277,Jonathan Kuminga,PF,20,GSW,67,16,1394,261,497,.525,54,146,.370,207,351,.590,.579,90,138,.652,70,161,231,125,41,31,95,157,666,kuminjo01,2023
278,Kyle Kuzma,PF,27,WAS,64,64,2239,512,1142,.448,160,481,.333,352,661,.533,.518,173,237,.730,55,408,463,239,36,29,190,145,1357,kuzmaky01,2023
279,Anthony Lamb,SF,25,GSW,62,4,1195,148,314,.471,73,199,.367,75,115,.652,.588,46,60,.767,56,159,215,96,28,20,54,134,415,lamban01,2023
280,Jock Landale,C,27,PHO,69,4,979,178,337,.528,21,84,.250,157,253,.621,.559,79,105,.752,119,161,280,68,16,30,59,126,456,landajo01,2023
281,Romeo Langford,SG,23,SAS,43,21,844,121,259,.467,16,61,.262,105,198,.530,.498,39,56,.696,57,57,114,50,24,13,30,67,297,langfro01,2023
282,Jake LaRavia,PF,21,MEM,35,0,414,37,95,.389,24,71,.338,13,24,.542,.516,7,9,.778,19,44,63,21,12,4,18,49,105,laravja01,2023
283,Zach LaVine,SG,27,CHI,77,77,2768,673,1388,.485,204,544,.375,469,844,.556,.558,363,428,.848,42,303,345,327,69,18,194,159,1913,lavinza01,2023
284,A.J. Lawson,SG,22,TOT,15,0,108,22,44,.500,10,25,.400,12,19,.632,.614,2,8,.250,6,15,21,2,2,0,3,11,56,lawsoaj01,2023
284,A.J. Lawson,SG,22,MIN,1,0,2,1,1,1.000,0,0,,1,1,1.000,1.000,0,0,,0,1,1,0,0,0,0,1,2,lawsoaj01,2023
284,A.J. Lawson,SG,22,DAL,14,0,106,21,43,.488,10,25,.400,11,18,.611,.605,2,8,.250,6,14,20,2,2,0,3,10,54,lawsoaj01,2023
285,Damion Lee,SG,30,PHO,74,5,1506,200,452,.442,110,247,.445,90,205,.439,.564,94,104,.904,39,186,225,99,30,7,78,118,604,leeda03,2023
286,Saben Lee,PG,23,TOT,25,1,373,49,121,.405,11,30,.367,38,91,.418,.450,42,57,.737,13,32,45,67,19,1,24,32,151,leesa01,2023
286,Saben Lee,PG,23,PHI,2,0,10,3,4,.750,0,1,.000,3,3,1.000,.750,0,0,,0,0,0,2,1,0,3,1,6,leesa01,2023
286,Saben Lee,PG,23,PHO,23,1,363,46,117,.393,11,29,.379,35,88,.398,.440,42,57,.737,13,32,45,65,18,1,21,31,145,leesa01,2023
287,Alex Len,C,29,SAC,26,2,161,16,30,.533,0,2,.000,16,28,.571,.533,11,16,.688,24,36,60,12,4,11,16,28,43,lenal01,2023
288,Kawhi Leonard,SF,31,LAC,52,50,1748,446,871,.512,104,250,.416,342,621,.551,.572,243,279,.871,57,281,338,204,72,28,88,84,1239,leonaka01,2023
289,Meyers Leonard,C,30,MIL,9,2,114,14,29,.483,7,18,.389,7,11,.636,.603,8,9,.889,12,22,34,1,2,0,6,16,43,leoname01,2023
290,Caris LeVert,SG,28,CLE,74,30,2237,320,742,.431,127,324,.392,193,418,.462,.517,130,180,.722,53,229,282,287,72,24,116,170,897,leverca01,2023
291,Kira Lewis Jr.,PG,21,NOP,25,0,235,40,88,.455,15,34,.441,25,54,.463,.540,19,22,.864,5,28,33,23,10,2,10,24,114,lewiski01,2023
292,Damian Lillard,PG,32,POR,58,58,2107,556,1202,.463,244,658,.371,312,544,.574,.564,510,558,.914,44,233,277,425,50,18,191,109,1866,lillada01,2023
293,Nassir Little,SF,22,POR,54,4,976,134,303,.442,58,158,.367,76,145,.524,.538,33,46,.717,27,114,141,50,20,20,36,66,359,littlna01,2023
294,Isaiah Livers,PF,24,DET,52,22,1199,120,288,.417,74,203,.365,46,85,.541,.545,32,39,.821,28,115,143,41,28,28,30,103,346,liveris01,2023
295,Kenneth Lofton Jr.,PF,20,MEM,24,1,176,49,93,.527,6,17,.353,43,76,.566,.559,16,27,.593,19,32,51,20,5,2,12,28,120,loftoke01,2023
296,Kevon Looney,C,26,GSW,82,70,1958,242,384,.630,0,1,.000,242,383,.632,.630,94,155,.606,274,486,760,207,52,50,45,225,578,looneke01,2023
297,Brook Lopez,C,34,MIL,78,78,2373,477,899,.531,136,364,.374,341,535,.637,.606,149,190,.784,157,363,520,99,37,193,107,203,1239,lopezbr01,2023
298,Robin Lopez,C,34,CLE,37,2,299,48,75,.640,2,4,.500,46,71,.648,.653,14,18,.778,23,28,51,19,2,8,25,43,112,lopezro01,2023
299,Kevin Love,PF,34,TOT,62,20,1240,165,424,.389,99,296,.334,66,128,.516,.506,80,91,.879,59,340,399,116,16,12,70,97,509,loveke01,2023
299,Kevin Love,PF,34,CLE,41,3,821,111,285,.389,69,195,.354,42,90,.467,.511,56,63,.889,42,238,280,76,7,7,47,65,347,loveke01,2023
299,Kevin Love,PF,34,MIA,21,17,419,54,139,.388,30,101,.297,24,38,.632,.496,24,28,.857,17,102,119,40,9,5,23,32,162,loveke01,2023
300,Kyle Lowry,PG,36,MIA,55,44,1718,196,485,.404,107,310,.345,89,175,.509,.514,116,135,.859,43,182,225,281,57,21,103,143,615,lowryky01,2023
301,Trey Lyles,PF,27,SAC,74,0,1247,187,408,.458,87,240,.363,100,168,.595,.565,101,124,.815,68,232,300,66,27,31,64,97,562,lylestr01,2023
302,Théo Maledon,PG,21,CHO,44,7,854,102,254,.402,28,95,.295,74,159,.465,.457,63,74,.851,14,109,123,152,37,12,59,61,295,maledth01,2023
303,Sandro Mamukelashvili,C,23,TOT,43,7,660,97,230,.422,30,99,.303,67,131,.511,.487,39,57,.684,70,115,185,62,14,12,35,52,263,mamuksa01,2023
303,Sandro Mamukelashvili,C,23,MIL,24,0,217,19,58,.328,7,32,.219,12,26,.462,.388,12,18,.667,18,38,56,16,4,5,9,19,57,mamuksa01,2023
303,Sandro Mamukelashvili,C,23,SAS,19,7,443,78,172,.453,23,67,.343,55,105,.524,.520,27,39,.692,52,77,129,46,10,7,26,33,206,mamuksa01,2023
304,Terance Mann,SG,26,LAC,81,36,1872,272,524,.519,77,198,.389,195,326,.598,.593,92,118,.780,77,199,276,184,42,22,80,149,713,mannte01,2023
305,Tre Mann,PG,21,OKC,67,5,1183,197,501,.393,81,257,.315,116,244,.475,.474,42,55,.764,27,128,155,120,40,11,62,99,517,manntr01,2023
306,Boban Marjanović,C,34,HOU,31,0,171,41,60,.683,0,1,.000,41,59,.695,.683,20,27,.741,20,40,60,9,5,2,14,10,102,marjabo01,2023
307,Lauri Markkanen,PF,25,UTA,66,66,2273,571,1145,.499,200,511,.391,371,634,.585,.586,349,399,.875,130,440,570,123,42,38,127,137,1691,markkla01,2023
308,Naji Marshall,SF,25,NOP,77,21,1792,247,571,.433,66,218,.303,181,353,.513,.490,138,175,.789,48,231,279,189,54,14,97,113,698,marshna01,2023
309,Caleb Martin,SF,27,MIA,71,49,2077,254,548,.464,84,236,.356,170,312,.545,.540,91,113,.805,88,256,344,117,71,31,78,145,683,martica02,2023
310,Cody Martin,SF,27,CHO,7,0,134,14,36,.389,3,14,.214,11,22,.500,.431,4,7,.571,8,16,24,11,4,1,2,13,35,martico01,2023
311,KJ Martin,SF,22,HOU,82,49,2292,410,720,.569,68,216,.315,342,504,.679,.617,151,222,.680,126,326,452,123,41,30,91,147,1039,martike04,2023
312,Tyrese Martin,SG,23,ATL,16,0,66,9,23,.391,1,7,.143,8,16,.500,.413,2,2,1.000,5,7,12,2,1,0,2,2,21,martity01,2023
313,Garrison Mathews,SG,26,TOT,54,0,686,73,201,.363,63,180,.350,10,21,.476,.520,48,53,.906,11,62,73,26,24,5,19,62,257,mathega01,2023
313,Garrison Mathews,SG,26,HOU,45,0,602,60,170,.353,53,155,.342,7,15,.467,.509,41,45,.911,10,52,62,23,23,4,18,56,214,mathega01,2023
313,Garrison Mathews,SG,26,ATL,9,0,84,13,31,.419,10,25,.400,3,6,.500,.581,7,8,.875,1,10,11,3,1,1,1,6,43,mathega01,2023
314,Bennedict Mathurin,SG,20,IND,78,17,2222,413,951,.434,100,310,.323,313,641,.488,.487,376,454,.828,87,231,318,116,48,13,152,162,1302,mathube01,2023
315,Wesley Matthews,SF,36,MIL,52,0,820,58,160,.363,39,124,.315,19,36,.528,.484,24,28,.857,34,79,113,34,20,13,18,71,179,matthwe02,2023
316,Tyrese Maxey,SG,22,PHI,60,41,2016,439,913,.481,160,369,.434,279,544,.513,.568,180,213,.845,23,153,176,212,49,8,80,132,1218,maxeyty01,2023
317,Skylar Mays,PG,25,POR,6,6,189,34,68,.500,12,26,.462,22,42,.524,.588,12,13,.923,2,17,19,50,6,1,10,11,92,mayssk01,2023
318,Miles McBride,PG,22,NYK,64,2,760,77,215,.358,40,134,.299,37,81,.457,.451,28,42,.667,13,37,50,72,37,8,25,60,222,mcbrimi01,2023
319,Mac McClung,SG,24,PHI,2,0,41,9,20,.450,4,11,.364,5,9,.556,.550,3,5,.600,3,7,10,9,0,0,3,3,25,mccluma01,2023
320,CJ McCollum,PG,31,NOP,75,75,2649,587,1344,.437,211,543,.389,376,801,.469,.515,183,238,.769,55,273,328,429,70,38,183,153,1568,mccolcj01,2023
321,T.J. McConnell,PG,30,IND,75,6,1526,283,521,.543,26,59,.441,257,462,.556,.568,58,68,.853,45,189,234,397,81,10,143,105,650,mccontj01,2023
322,Jaden McDaniels,SF,22,MIN,79,79,2416,370,716,.517,107,269,.398,263,447,.588,.591,106,144,.736,92,215,307,148,74,76,112,272,953,mcdanja02,2023
323,Jalen McDaniels,SF,25,TOT,80,24,1913,281,617,.455,77,232,.332,204,385,.530,.518,116,138,.841,63,283,346,130,83,34,93,209,755,mcdanja01,2023
323,Jalen McDaniels,SF,25,CHO,56,21,1494,221,494,.447,65,202,.322,156,292,.534,.513,88,104,.846,44,226,270,111,66,29,80,158,595,mcdanja01,2023
323,Jalen McDaniels,SF,25,PHI,24,3,419,60,123,.488,12,30,.400,48,93,.516,.537,28,34,.824,19,57,76,19,17,5,13,51,160,mcdanja01,2023
324,Doug McDermott,SF,31,SAS,64,0,1314,239,523,.457,123,298,.413,116,225,.516,.575,53,70,.757,24,115,139,91,13,6,58,118,654,mcderdo01,2023
325,JaVale McGee,C,35,DAL,42,7,355,80,125,.640,2,5,.400,78,120,.650,.648,24,41,.585,30,77,107,11,4,26,36,54,186,mcgeeja01,2023
326,Bryce McGowens,SG,20,CHO,46,7,787,80,202,.396,26,80,.325,54,122,.443,.460,60,80,.750,20,73,93,54,15,6,43,48,246,mcgowbr01,2023
327,Rodney McGruder,SG,31,DET,32,12,524,62,152,.408,41,97,.423,21,55,.382,.543,18,22,.818,20,54,74,28,16,1,11,39,183,mcgruro01,2023
328,Jordan McLaughlin,PG,26,MIN,43,0,678,61,145,.421,24,78,.308,37,67,.552,.503,15,18,.833,15,47,62,148,32,4,33,28,161,mclaujo01,2023
329,De'Anthony Melton,SG,24,PHI,77,58,2150,277,651,.425,157,403,.390,120,248,.484,.546,69,87,.793,69,243,312,197,126,41,102,191,780,meltode01,2023
330,Sam Merrill,SG,26,CLE,5,0,59,9,22,.409,5,18,.278,4,4,1.000,.523,2,2,1.000,0,9,9,5,4,0,0,3,25,merrisa01,2023
331,Chimezie Metu,PF,25,SAC,66,0,689,129,219,.589,9,38,.237,120,181,.663,.610,54,73,.740,47,151,198,40,22,21,32,81,321,metuch01,2023
332,Khris Middleton,SF,31,MIL,33,19,801,177,406,.436,51,162,.315,126,244,.516,.499,92,102,.902,28,112,140,163,23,5,71,68,497,middlkh01,2023
333,Patty Mills,PG,34,BRK,40,2,567,86,209,.411,49,134,.366,37,75,.493,.529,25,30,.833,8,36,44,56,15,3,30,32,246,millspa02,2023
334,Shake Milton,SG,26,PHI,76,11,1567,241,503,.479,56,148,.378,185,355,.521,.535,99,116,.853,39,152,191,240,25,13,94,123,637,miltosh01,2023
335,Justin Minaya,SF,23,POR,4,0,89,7,23,.304,3,12,.250,4,11,.364,.370,0,1,.000,3,12,15,4,2,5,4,9,17,minayju01,2023
336,Josh Minott,SF,20,MIN,15,0,96,18,36,.500,2,6,.333,16,30,.533,.528,8,8,1.000,5,20,25,5,4,6,3,10,46,minotjo01,2023
337,Davion Mitchell,PG,24,SAC,80,9,1447,181,399,.454,63,197,.320,118,202,.584,.533,25,31,.806,16,89,105,185,44,15,62,112,450,mitchda01,2023
338,Donovan Mitchell,SG,26,CLE,68,68,2432,679,1402,.484,245,635,.386,434,767,.566,.572,319,368,.867,63,226,289,301,99,27,180,168,1922,mitchdo01,2023
339,Evan Mobley,PF,21,CLE,79,79,2715,525,947,.554,22,102,.216,503,845,.595,.566,205,304,.674,187,524,711,224,60,119,146,218,1277,mobleev01,2023
340,Isaiah Mobley,PF,23,CLE,12,0,84,12,28,.429,3,8,.375,9,20,.450,.482,4,4,1.000,4,16,20,3,4,3,1,8,31,mobleis01,2023
341,Chima Moneke,SF,27,SAC,2,0,8,1,2,.500,0,0,,1,2,.500,.500,0,2,.000,2,0,2,1,0,0,2,2,2,monekch01,2023
342,Malik Monk,SG,24,SAC,77,0,1719,357,796,.448,143,398,.359,214,398,.538,.538,184,207,.889,32,171,203,298,49,20,146,125,1041,monkma01,2023
343,Moses Moody,SG,20,GSW,63,3,817,108,227,.476,49,135,.363,59,92,.641,.584,37,53,.698,28,77,105,51,18,7,34,54,302,moodymo01,2023
344,Xavier Moon,SG,28,LAC,4,0,20,3,9,.333,1,3,.333,2,6,.333,.389,0,0,,0,3,3,5,0,0,1,2,7,moonxa01,2023
345,Wendell Moore Jr.,SG,21,MIN,29,2,153,18,43,.419,2,17,.118,16,26,.615,.442,4,5,.800,4,14,18,18,8,5,8,13,42,moorewe01,2023
346,Ja Morant,PG,23,MEM,61,59,1948,566,1214,.466,92,300,.307,474,914,.519,.504,372,497,.748,61,296,357,493,66,16,206,100,1596,moranja01,2023
347,Marcus Morris,PF,33,LAC,65,65,1825,274,643,.426,112,308,.364,162,335,.484,.513,68,87,.782,29,229,258,114,42,21,56,136,728,morrima03,2023
348,Markieff Morris,PF,33,TOT,35,2,355,47,115,.409,28,71,.394,19,44,.432,.530,10,10,1.000,13,58,71,31,9,5,18,48,132,morrima02,2023
348,Markieff Morris,PF,33,BRK,27,1,285,33,82,.402,20,49,.408,13,33,.394,.524,10,10,1.000,13,46,59,25,8,5,14,33,96,morrima02,2023
348,Markieff Morris,PF,33,DAL,8,1,70,14,33,.424,8,22,.364,6,11,.545,.545,0,0,,0,12,12,6,1,0,4,15,36,morrima02,2023
349,Monte Morris,PG,27,WAS,62,61,1695,247,515,.480,78,204,.382,169,311,.543,.555,64,77,.831,26,184,210,326,43,13,60,75,636,morrimo01,2023
350,Trey Murphy III,SF,22,NOP,79,65,2448,387,800,.484,202,497,.406,185,303,.611,.610,172,190,.905,59,222,281,112,89,43,61,155,1148,murphtr02,2023
351,Dejounte Murray,SG,26,ATL,74,74,2693,612,1319,.464,133,387,.344,479,932,.514,.514,158,190,.832,53,336,389,448,112,19,160,106,1515,murrade01,2023
352,Jamal Murray,PG,25,DEN,65,65,2133,473,1041,.454,172,432,.398,301,609,.494,.537,180,216,.833,48,209,257,400,66,16,145,103,1298,murraja01,2023
353,Keegan Murray,SF,22,SAC,80,78,2382,354,782,.453,206,501,.411,148,281,.527,.584,62,81,.765,89,282,371,98,61,42,60,162,976,murrake02,2023
354,Mike Muscala,C,31,TOT,63,9,945,131,292,.449,81,207,.391,50,85,.588,.587,40,52,.769,37,166,203,50,15,24,23,98,383,muscami01,2023
354,Mike Muscala,C,31,OKC,43,5,622,89,203,.438,56,142,.394,33,61,.541,.576,31,39,.795,23,112,135,38,11,19,14,70,265,muscami01,2023
354,Mike Muscala,C,31,BOS,20,4,323,42,89,.472,25,65,.385,17,24,.708,.612,9,13,.692,14,54,68,12,4,5,9,28,118,muscami01,2023
355,Svi Mykhailiuk,SF,25,TOT,32,8,468,77,173,.445,42,99,.424,35,74,.473,.566,26,39,.667,15,38,53,53,15,4,24,23,222,mykhasv01,2023
355,Svi Mykhailiuk,SF,25,NYK,13,0,40,6,12,.500,6,10,.600,0,2,.000,.750,3,5,.600,0,7,7,1,1,0,2,1,21,mykhasv01,2023
355,Svi Mykhailiuk,SF,25,CHO,19,8,428,71,161,.441,36,89,.404,35,72,.486,.553,23,34,.676,15,31,46,52,14,4,22,22,201,mykhasv01,2023
356,Larry Nance Jr.,C,30,NOP,65,1,1381,186,305,.610,14,42,.333,172,263,.654,.633,55,79,.696,106,248,354,119,56,37,42,133,441,nancela02,2023
357,Andrew Nembhard,SG,23,IND,75,63,2073,284,644,.441,92,263,.350,192,381,.504,.512,49,62,.790,35,164,199,341,70,13,126,179,709,nembhan01,2023
358,Aaron Nesmith,SF,23,IND,73,60,1816,252,590,.427,115,314,.366,137,276,.496,.525,119,142,.838,62,215,277,98,55,34,75,235,738,nesmiaa01,2023
359,Raul Neto,PG,30,CLE,48,1,505,57,110,.518,12,42,.286,45,68,.662,.573,31,34,.912,10,36,46,79,17,4,24,49,157,netora01,2023
360,Georges Niang,PF,29,PHI,78,1,1512,222,502,.442,154,384,.401,68,118,.576,.596,39,45,.867,19,166,185,77,30,14,54,145,637,niangge01,2023
361,Daishen Nix,PG,20,HOU,57,7,914,81,237,.342,40,140,.286,41,97,.423,.426,24,36,.667,18,80,98,132,31,7,86,59,226,nixda01,2023
362,Zeke Nnaji,PF,22,DEN,53,5,728,110,196,.561,17,65,.262,93,131,.710,.605,40,62,.645,65,73,138,18,17,23,31,105,277,nnajize01,2023
363,Nerlens Noel,C,28,TOT,17,4,195,13,36,.361,1,2,.500,12,34,.353,.375,8,12,.667,10,36,46,10,16,10,13,32,35,noelne01,2023
363,Nerlens Noel,C,28,DET,14,3,152,12,30,.400,1,2,.500,11,28,.393,.417,7,10,.700,7,30,37,7,13,9,8,25,32,noelne01,2023
363,Nerlens Noel,C,28,BRK,3,1,43,1,6,.167,0,0,,1,6,.167,.167,1,2,.500,3,6,9,3,3,1,5,7,3,noelne01,2023
364,Jaylen Nowell,SG,23,MIN,65,2,1252,280,625,.448,67,232,.289,213,393,.542,.502,77,99,.778,36,134,170,132,42,5,65,101,704,nowelja01,2023
365,Frank Ntilikina,SG,24,DAL,47,5,607,48,132,.364,17,67,.254,31,65,.477,.428,22,33,.667,7,55,62,58,16,7,29,65,135,ntilila01,2023
366,Kendrick Nunn,SG,27,TOT,70,2,964,191,450,.424,79,223,.354,112,227,.493,.512,35,41,.854,15,94,109,90,28,7,66,66,496,nunnke01,2023
366,Kendrick Nunn,SG,27,LAL,39,2,528,102,251,.406,41,126,.325,61,125,.488,.488,17,21,.810,5,50,55,34,11,3,31,35,262,nunnke01,2023
366,Kendrick Nunn,SG,27,WAS,31,0,436,89,199,.447,38,97,.392,51,102,.500,.543,18,20,.900,10,44,54,56,17,4,35,31,234,nunnke01,2023
367,Jusuf Nurkić,C,28,POR,52,52,1391,262,505,.519,43,119,.361,219,386,.567,.561,127,192,.661,114,357,471,149,43,44,119,185,694,nurkiju01,2023
368,Jordan Nwora,SF,24,TOT,62,14,1188,194,445,.436,86,211,.408,108,234,.462,.533,68,86,.791,51,178,229,88,24,14,66,74,542,nworajo01,2023
368,Jordan Nwora,SF,24,MIL,38,3,597,76,197,.386,40,102,.392,36,95,.379,.487,37,43,.860,29,88,117,38,12,7,34,34,229,nworajo01,2023
368,Jordan Nwora,SF,24,IND,24,11,591,118,248,.476,46,109,.422,72,139,.518,.569,31,43,.721,22,90,112,50,12,7,32,40,313,nworajo01,2023
369,Royce O'Neale,SF,29,BRK,76,53,2409,229,593,.386,163,419,.389,66,174,.379,.524,50,69,.725,55,329,384,283,65,49,114,239,671,onealro01,2023
370,Chuma Okeke,SF,24,ORL,27,8,518,43,122,.352,26,86,.302,17,36,.472,.459,16,21,.762,26,70,96,37,19,11,17,40,128,okekech01,2023
371,Josh Okogie,SG,24,PHO,72,26,1350,162,414,.391,66,197,.335,96,217,.442,.471,139,192,.724,109,142,251,105,56,34,63,114,529,okogijo01,2023
372,Onyeka Okongwu,C,22,ATL,80,18,1849,317,497,.638,4,13,.308,313,484,.647,.642,153,196,.781,217,359,576,81,56,107,81,251,791,okongon01,2023
373,Isaac Okoro,SF,22,CLE,76,46,1652,175,354,.494,62,171,.363,113,183,.617,.582,78,103,.757,52,135,187,87,56,30,42,158,490,okorois01,2023
374,KZ Okpala,PF,23,SAC,35,3,248,16,38,.421,7,21,.333,9,17,.529,.513,7,8,.875,7,27,34,13,7,7,7,39,46,okpalkz01,2023
375,Victor Oladipo,SG,30,MIA,42,2,1106,160,403,.397,70,212,.330,90,191,.471,.484,59,79,.747,16,112,128,146,57,12,87,99,449,oladivi01,2023
376,Kelly Olynyk,C,31,UTA,68,68,1942,278,557,.499,93,236,.394,185,321,.576,.583,198,232,.853,82,338,420,252,60,37,168,232,847,olynyke01,2023
377,Eugene Omoruyi,SF,25,TOT,40,6,645,101,228,.443,25,89,.281,76,139,.547,.498,51,75,.680,43,68,111,28,28,3,34,91,278,omorueu01,2023
377,Eugene Omoruyi,SF,25,OKC,23,2,272,44,94,.468,8,31,.258,36,63,.571,.511,17,28,.607,22,30,52,11,14,0,16,46,113,omorueu01,2023
377,Eugene Omoruyi,SF,25,DET,17,4,373,57,134,.425,17,58,.293,40,76,.526,.489,34,47,.723,21,38,59,17,14,3,18,45,165,omorueu01,2023
378,Cedi Osman,SF,27,CLE,77,2,1548,239,530,.451,116,312,.372,123,218,.564,.560,75,108,.694,25,151,176,115,35,11,52,122,669,osmande01,2023
379,Kelly Oubre Jr.,SF,27,CHO,48,40,1548,353,819,.431,108,339,.319,245,480,.510,.497,158,208,.760,65,184,249,54,68,18,64,141,972,oubreke01,2023
380,Chris Paul,PG,37,PHO,59,59,1889,294,668,.440,98,261,.375,196,407,.482,.513,133,160,.831,27,224,251,524,91,22,114,126,819,paulch01,2023
381,Cameron Payne,PG,28,PHO,48,15,968,188,453,.415,68,185,.368,120,268,.448,.490,49,64,.766,12,94,106,214,33,8,81,88,493,payneca01,2023
382,Gary Payton II,SG,30,TOT,22,1,367,41,69,.594,13,26,.500,28,43,.651,.688,6,7,.857,24,45,69,30,22,5,16,43,101,paytoga02,2023
382,Gary Payton II,SG,30,POR,15,1,255,24,41,.585,9,17,.529,15,24,.625,.695,4,4,1.000,10,29,39,22,16,1,12,29,61,paytoga02,2023
382,Gary Payton II,SG,30,GSW,7,0,112,17,28,.607,4,9,.444,13,19,.684,.679,2,3,.667,14,16,30,8,6,4,4,14,40,paytoga02,2023
383,Theo Pinson,SG,27,DAL,40,1,323,31,87,.356,22,62,.355,9,25,.360,.483,11,13,.846,10,53,63,46,6,1,12,34,95,pinsoth01,2023
384,Scotty Pippen Jr.,PG,22,LAL,6,0,32,4,12,.333,1,3,.333,3,9,.333,.375,5,9,.556,2,2,4,2,2,1,2,3,14,pippesc02,2023
385,Mason Plumlee,C,32,TOT,79,60,2054,329,484,.680,0,0,,329,484,.680,.680,199,313,.636,229,471,700,245,46,47,117,217,857,plumlma01,2023
385,Mason Plumlee,C,32,CHO,56,56,1597,265,396,.669,0,0,,265,396,.669,.669,155,256,.605,187,354,541,205,35,35,87,161,685,plumlma01,2023
385,Mason Plumlee,C,32,LAC,23,4,457,64,88,.727,0,0,,64,88,.727,.727,44,57,.772,42,117,159,40,11,12,30,56,172,plumlma01,2023
386,Jakob Poeltl,C,27,TOT,72,71,1906,389,618,.629,0,1,.000,389,617,.630,.629,119,201,.592,236,417,653,197,66,86,125,195,897,poeltja01,2023
386,Jakob Poeltl,C,27,SAS,46,46,1199,239,388,.616,0,1,.000,239,387,.618,.616,78,129,.605,152,264,416,141,36,52,96,118,556,poeltja01,2023
386,Jakob Poeltl,C,27,TOR,26,25,707,150,230,.652,0,0,,150,230,.652,.652,41,72,.569,84,153,237,56,30,34,29,77,341,poeltja01,2023
387,Aleksej Pokusevski,PF,21,OKC,34,25,701,108,249,.434,38,104,.365,70,145,.483,.510,22,35,.629,45,114,159,64,20,43,43,58,276,pokusal01,2023
388,Jordan Poole,PG,23,GSW,82,43,2458,550,1278,.430,214,637,.336,336,641,.524,.514,361,415,.870,32,193,225,369,63,21,252,214,1675,poolejo01,2023
389,Kevin Porter Jr.,PG,22,HOU,59,59,2024,391,884,.442,141,385,.366,250,499,.501,.522,207,264,.784,76,238,314,338,82,17,188,156,1130,porteke02,2023
390,Michael Porter Jr.,SF,24,DEN,62,62,1798,398,817,.487,188,454,.414,210,363,.579,.602,96,120,.800,64,277,341,65,37,29,68,119,1080,portemi01,2023
391,Otto Porter Jr.,SF,29,TOR,8,2,146,15,30,.500,6,17,.353,9,13,.692,.600,8,8,1.000,6,13,19,8,11,0,4,7,44,porteot01,2023
392,Bobby Portis,PF,27,MIL,70,22,1818,398,803,.496,95,257,.370,303,546,.555,.555,96,125,.768,154,518,672,105,29,16,81,115,987,portibo01,2023
393,Kristaps Porziņģis,C,27,WAS,65,65,2120,507,1018,.498,137,356,.385,370,662,.559,.565,354,416,.851,114,432,546,174,58,100,137,196,1505,porzikr01,2023
394,Micah Potter,PF,24,UTA,7,0,52,10,15,.667,4,7,.571,6,8,.750,.800,0,0,,3,13,16,4,1,0,2,5,24,pottemi01,2023
395,Dwight Powell,C,31,DAL,76,64,1458,197,269,.732,0,5,.000,197,264,.746,.732,112,168,.667,149,165,314,69,48,26,65,209,506,poweldw01,2023
396,Norman Powell,SG,29,LAC,60,8,1567,340,710,.479,114,287,.397,226,423,.534,.559,225,277,.812,24,151,175,109,50,18,101,125,1019,powelno01,2023
397,Jason Preston,PG,23,LAC,14,0,124,18,41,.439,5,18,.278,13,23,.565,.500,0,2,.000,2,20,22,27,2,0,10,7,41,prestja01,2023
398,Joshua Primo,SG,20,SAS,4,0,93,9,26,.346,3,12,.250,6,14,.429,.404,7,9,.778,2,11,13,18,1,2,11,8,28,primojo01,2023
399,Taurean Prince,PF,28,MIN,54,4,1192,177,379,.467,74,194,.381,103,185,.557,.565,65,77,.844,15,117,132,84,28,15,69,123,493,princta02,2023
400,Payton Pritchard,PG,25,BOS,48,3,643,101,245,.412,56,154,.364,45,91,.495,.527,12,16,.750,25,63,88,64,14,1,40,37,270,pritcpa01,2023
401,Trevelin Queen,SG,25,IND,7,0,70,7,29,.241,2,15,.133,5,14,.357,.276,5,5,1.000,8,9,17,6,2,5,7,4,21,queentr01,2023
402,Neemias Queta,C,23,SAC,5,0,29,6,9,.667,0,0,,6,9,.667,.667,0,2,.000,5,6,11,1,0,2,1,7,12,quetane01,2023
403,Immanuel Quickley,SG,23,NYK,81,21,2344,419,936,.448,168,454,.370,251,482,.521,.537,203,248,.819,58,279,337,279,80,14,100,166,1209,quickim01,2023
404,Lester Quinones,SG,22,GSW,4,0,18,2,5,.400,2,4,.500,0,1,.000,.600,4,6,.667,1,2,3,2,1,0,5,0,10,quinole01,2023
405,Julius Randle,PF,28,NYK,77,77,2737,658,1432,.459,218,636,.343,440,796,.553,.536,402,531,.757,141,626,767,316,49,21,216,233,1936,randlju01,2023
406,Austin Reaves,SG,24,LAL,64,22,1843,259,490,.529,86,216,.398,173,274,.631,.616,229,265,.864,33,160,193,215,33,19,99,108,833,reaveau01,2023
407,Cam Reddish,SF,23,TOT,40,20,990,139,312,.446,45,144,.313,94,168,.560,.518,64,75,.853,18,70,88,57,39,14,47,72,387,reddica01,2023
407,Cam Reddish,SF,23,NYK,20,8,438,61,136,.449,17,56,.304,44,80,.550,.511,29,33,.879,7,24,31,20,15,8,15,32,168,reddica01,2023
407,Cam Reddish,SF,23,POR,20,12,552,78,176,.443,28,88,.318,50,88,.568,.523,35,42,.833,11,46,57,37,24,6,32,40,219,reddica01,2023
408,Davon Reed,SG,27,TOT,43,1,342,28,84,.333,17,46,.370,11,38,.289,.435,16,24,.667,10,49,59,23,15,4,20,39,89,reedda01,2023
408,Davon Reed,SG,27,DEN,35,1,315,25,80,.313,16,44,.364,9,36,.250,.413,15,20,.750,9,46,55,19,13,4,20,36,81,reedda01,2023
408,Davon Reed,SG,27,LAL,8,0,27,3,4,.750,1,2,.500,2,2,1.000,.875,1,4,.250,1,3,4,4,2,0,0,3,8,reedda01,2023
409,Paul Reed,C,23,PHI,69,2,755,124,209,.593,1,6,.167,123,203,.606,.596,38,51,.745,112,150,262,27,46,51,45,123,287,reedpa01,2023
410,Naz Reid,C,23,MIN,68,11,1251,310,577,.537,75,217,.346,235,360,.653,.602,86,127,.677,73,260,333,77,42,53,92,176,781,reidna01,2023
411,Jared Rhoden,SG,23,DET,14,0,198,17,44,.386,5,20,.250,12,24,.500,.443,6,6,1.000,11,26,37,4,4,1,3,23,45,rhodeja01,2023
412,Nick Richards,C,25,CHO,65,9,1217,197,313,.629,1,1,1.000,196,312,.628,.631,137,183,.749,147,269,416,38,11,71,59,154,532,richani01,2023
413,Josh Richardson,SG,29,TOT,65,10,1530,239,554,.431,107,293,.365,132,261,.506,.528,69,81,.852,41,134,175,174,69,20,86,117,654,richajo01,2023
413,Josh Richardson,SG,29,SAS,42,6,997,177,406,.436,74,207,.357,103,199,.518,.527,53,60,.883,30,89,119,137,40,11,63,70,481,richajo01,2023
413,Josh Richardson,SG,29,NOP,23,4,533,62,148,.419,33,86,.384,29,62,.468,.530,16,21,.762,11,45,56,37,29,9,23,47,173,richajo01,2023
414,Austin Rivers,SG,30,MIN,52,10,1016,91,209,.435,43,123,.350,48,86,.558,.538,30,39,.769,5,78,83,75,28,4,23,80,255,riverau01,2023
415,Duncan Robinson,SF,28,MIA,42,1,691,88,237,.371,63,192,.328,25,45,.556,.504,29,32,.906,8,61,69,46,14,0,28,77,268,robindu01,2023
416,Mitchell Robinson,C,24,NYK,59,58,1591,188,280,.671,0,0,,188,280,.671,.671,59,122,.484,267,288,555,53,56,109,41,160,435,robinmi01,2023
417,Orlando Robinson,C,22,MIA,31,1,425,47,89,.528,0,6,.000,47,83,.566,.528,22,31,.710,48,78,126,25,12,12,16,53,116,robinor01,2023
418,Jeremiah Robinson-Earl,PF,22,OKC,43,20,814,110,248,.444,37,111,.333,73,137,.533,.518,35,42,.833,71,109,180,43,24,11,19,71,292,robinje02,2023
419,Isaiah Roby,PF,24,SAS,42,2,474,67,155,.432,18,60,.300,49,95,.516,.490,20,41,.488,21,86,107,38,18,7,31,53,172,robyis01,2023
420,David Roddy,PF,21,MEM,70,4,1258,180,420,.429,65,212,.307,115,208,.553,.506,41,65,.631,50,143,193,59,29,19,57,107,466,roddyda01,2023
421,Ryan Rollins,PG,20,GSW,12,0,62,7,20,.350,3,9,.333,4,11,.364,.425,6,6,1.000,3,9,12,6,1,1,16,10,23,rolliry01,2023
422,Derrick Rose,PG,34,NYK,27,0,338,61,159,.384,19,63,.302,42,96,.438,.443,11,12,.917,8,32,40,46,7,5,22,18,152,rosede01,2023
423,Terrence Ross,SG,31,TOT,63,9,1330,200,465,.430,95,258,.368,105,207,.507,.532,27,34,.794,22,132,154,95,35,10,43,97,522,rosste01,2023
423,Terrence Ross,SG,31,ORL,42,9,944,129,299,.431,61,160,.381,68,139,.489,.533,15,20,.750,10,75,85,54,25,8,37,53,334,rosste01,2023
423,Terrence Ross,SG,31,PHO,21,0,386,71,166,.428,34,98,.347,37,68,.544,.530,12,14,.857,12,57,69,41,10,2,6,44,188,rosste01,2023
424,Terry Rozier,SG,28,CHO,63,63,2221,493,1188,.415,165,505,.327,328,683,.480,.484,178,220,.809,51,208,259,319,74,16,134,119,1329,roziete01,2023
425,Ricky Rubio,PG,32,CLE,33,2,566,61,178,.343,21,82,.256,40,96,.417,.402,28,35,.800,9,61,70,115,26,6,31,51,171,rubiori01,2023
426,D'Angelo Russell,PG,26,TOT,71,71,2304,445,948,.469,194,490,.396,251,458,.548,.572,179,216,.829,35,180,215,437,70,29,186,140,1263,russeda01,2023
426,D'Angelo Russell,PG,26,MIN,54,54,1778,338,727,.465,148,379,.391,190,348,.546,.567,143,167,.856,28,137,165,334,60,21,147,117,967,russeda01,2023
426,D'Angelo Russell,PG,26,LAL,17,17,526,107,221,.484,46,111,.414,61,110,.555,.588,36,49,.735,7,43,50,103,10,8,39,23,296,russeda01,2023
427,Matt Ryan,SF,25,TOT,34,0,310,40,108,.370,32,84,.381,8,24,.333,.519,10,12,.833,4,22,26,16,5,1,7,27,122,ryanma01,2023
427,Matt Ryan,SF,25,LAL,12,0,129,15,49,.306,13,35,.371,2,14,.143,.439,4,5,.800,2,12,14,4,2,0,3,14,47,ryanma01,2023
427,Matt Ryan,SF,25,MIN,22,0,181,25,59,.424,19,49,.388,6,10,.600,.585,6,7,.857,2,10,12,12,3,1,4,13,75,ryanma01,2023
428,Domantas Sabonis,C,26,SAC,79,79,2736,577,938,.615,31,83,.373,546,855,.639,.632,325,438,.742,251,722,973,573,65,39,230,279,1510,sabondo01,2023
429,Luka Šamanić,PF,23,UTA,7,4,161,26,57,.456,8,31,.258,18,26,.692,.526,9,13,.692,0,30,30,15,6,2,10,17,69,samanlu01,2023
430,Dario Šarić,PF-C,28,TOT,57,12,806,127,277,.458,45,115,.391,82,162,.506,.540,63,76,.829,53,154,207,74,20,7,55,99,362,saricda01,2023
430,Dario Šarić,PF,28,PHO,37,12,533,76,178,.427,27,69,.391,49,109,.450,.503,36,44,.818,39,103,142,57,13,5,36,69,215,saricda01,2023
430,Dario Šarić,C,28,OKC,20,0,273,51,99,.515,18,46,.391,33,53,.623,.606,27,32,.844,14,51,65,17,7,2,19,30,147,saricda01,2023
431,Olivier Sarr,C,23,OKC,9,1,114,15,30,.500,1,8,.125,14,22,.636,.517,5,7,.714,12,19,31,4,1,5,4,17,36,sarrol01,2023
432,Jordan Schakel,SF,24,WAS,2,0,6,1,2,.500,1,1,1.000,0,1,.000,.750,0,0,,0,0,0,1,1,0,0,1,3,schakjo01,2023
433,Admiral Schofield,PF,25,ORL,37,0,451,55,122,.451,24,74,.324,31,48,.646,.549,21,23,.913,23,39,62,31,8,5,16,61,155,schofad01,2023
434,Dennis Schröder,PG,29,LAL,66,50,1986,270,650,.415,74,225,.329,196,425,.461,.472,216,252,.857,21,144,165,298,50,10,112,145,830,schrode01,2023
435,Jay Scrubb,SG,22,ORL,2,0,30,5,7,.714,2,2,1.000,3,5,.600,.857,1,2,.500,0,6,6,1,2,0,3,2,13,scrubja01,2023
436,Dereon Seabron,SG,22,NOP,5,0,12,2,5,.400,0,0,,2,5,.400,.400,0,0,,1,0,1,0,0,0,0,1,4,seabrde01,2023
437,Alperen Şengün,C,20,HOU,75,72,2171,442,799,.553,19,57,.333,423,742,.570,.565,206,288,.715,242,436,678,291,70,70,193,258,1109,sengual01,2023
438,Collin Sexton,PG,24,UTA,48,15,1145,237,468,.506,48,122,.393,189,346,.546,.558,163,199,.819,37,68,105,138,27,6,85,112,685,sextoco01,2023
439,Landry Shamet,SG,25,PHO,40,9,807,113,300,.377,75,199,.377,38,101,.376,.502,45,51,.882,11,56,67,93,26,5,36,61,346,shamela01,2023
440,Day'Ron Sharpe,C,21,BRK,48,3,552,93,171,.544,6,11,.545,87,160,.544,.561,35,55,.636,99,101,200,37,15,32,42,89,227,sharpda01,2023
441,Shaedon Sharpe,SG,19,POR,80,15,1779,306,648,.472,102,283,.360,204,365,.559,.551,75,105,.714,63,173,236,94,38,24,83,136,789,sharpsh01,2023
442,Pascal Siakam,PF,28,TOR,71,71,2652,630,1313,.480,93,287,.324,537,1026,.523,.515,367,474,.774,131,425,556,415,65,36,169,228,1720,siakapa01,2023
443,Chris Silva,PF,26,DAL,1,0,3,1,1,1.000,0,0,,1,1,1.000,1.000,0,0,,0,0,0,0,0,0,1,2,2,silvach01,2023
444,Ben Simmons,PG,26,BRK,42,33,1105,133,235,.566,0,2,.000,133,233,.571,.566,25,57,.439,40,223,263,256,54,24,97,139,291,simmobe01,2023
445,Kobi Simmons,SG,25,CHO,5,0,28,1,6,.167,1,5,.200,0,1,.000,.250,2,2,1.000,1,3,4,5,0,2,1,0,5,simmoko01,2023
446,Marko Simonovic,C,23,CHI,7,0,20,2,7,.286,1,4,.250,1,3,.333,.357,1,2,.500,1,1,2,0,0,0,0,5,6,simonma01,2023
447,Anfernee Simons,SG,23,POR,62,62,2171,467,1045,.447,212,562,.377,255,483,.528,.548,160,179,.894,18,143,161,253,42,14,128,142,1306,simonan01,2023
448,Jericho Sims,C,24,NYK,52,16,812,83,107,.776,0,1,.000,83,106,.783,.776,12,16,.750,99,143,242,25,15,28,27,96,178,simsje01,2023
449,Marcus Smart,PG,28,BOS,61,61,1957,250,602,.415,115,342,.336,135,260,.519,.511,88,118,.746,46,145,191,382,93,23,143,172,703,smartma01,2023
450,Dennis Smith Jr.,PG,25,CHO,54,15,1390,186,452,.412,24,111,.216,162,341,.475,.438,78,106,.736,27,140,167,261,75,25,82,122,474,smithde03,2023
451,Dru Smith,SG,25,TOT,15,1,158,18,45,.400,5,19,.263,13,26,.500,.456,3,3,1.000,2,22,24,22,10,4,3,23,44,smithdr01,2023
451,Dru Smith,SG,25,MIA,5,1,67,5,14,.357,1,6,.167,4,8,.500,.393,0,0,,1,8,9,5,4,3,1,10,11,smithdr01,2023
451,Dru Smith,SG,25,BRK,10,0,91,13,31,.419,4,13,.308,9,18,.500,.484,3,3,1.000,1,14,15,17,6,1,2,13,33,smithdr01,2023
452,Ish Smith,PG,34,DEN,43,0,398,52,131,.397,2,12,.167,50,119,.420,.405,2,4,.500,5,49,54,100,8,7,44,33,108,smithis01,2023
453,Jabari Smith Jr.,PF,19,HOU,79,79,2451,364,892,.408,120,391,.307,244,501,.487,.475,162,206,.786,122,447,569,101,43,74,104,227,1010,smithja05,2023
454,Jalen Smith,C,22,IND,68,31,1279,242,508,.476,54,191,.283,188,317,.593,.530,104,137,.759,129,265,394,66,21,60,72,153,642,smithja04,2023
455,Xavier Sneed,SF,25,CHO,4,0,48,5,10,.500,3,6,.500,2,4,.500,.650,4,4,1.000,0,5,5,5,0,1,3,7,17,sneedxa01,2023
456,Jeremy Sochan,PF,19,SAS,56,53,1458,250,552,.453,33,134,.246,217,418,.519,.483,81,116,.698,95,200,295,142,43,23,97,138,614,sochaje01,2023
457,Jaden Springer,SG,20,PHI,16,2,89,17,35,.486,2,5,.400,15,30,.500,.514,6,8,.750,6,8,14,8,7,3,3,15,42,sprinja01,2023
458,Lamar Stevens,SF,25,CLE,62,25,1120,129,288,.448,30,95,.316,99,193,.513,.500,40,57,.702,48,159,207,33,27,19,27,79,328,stevela01,2023
459,Isaiah Stewart,C,21,DET,50,47,1414,195,441,.442,67,205,.327,128,236,.542,.518,110,149,.738,115,288,403,70,20,34,68,133,567,stewais01,2023
460,Max Strus,SF,26,MIA,80,33,2272,324,790,.410,197,563,.350,127,227,.559,.535,78,89,.876,49,209,258,171,42,12,70,166,923,strusma01,2023
461,Jalen Suggs,SG,21,ORL,53,19,1246,186,444,.419,66,202,.327,120,242,.496,.493,86,119,.723,55,106,161,155,67,27,94,120,524,suggsja01,2023
462,Edmond Sumner,SG,27,BRK,53,12,736,124,269,.461,31,87,.356,93,182,.511,.519,99,108,.917,13,66,79,68,31,10,50,83,378,sumneed01,2023
463,Cole Swider,SF,23,LAL,7,0,41,3,9,.333,3,8,.375,0,1,.000,.500,0,0,,1,6,7,4,0,0,0,3,9,swideco01,2023
464,Jae'Sean Tate,SF,27,HOU,31,7,677,110,229,.480,13,46,.283,97,183,.530,.509,50,69,.725,41,77,118,84,21,7,47,106,283,tateja01,2023
465,Jayson Tatum,SF,24,BOS,74,74,2732,727,1559,.466,240,686,.350,487,873,.558,.543,531,622,.854,78,571,649,342,78,51,213,160,2225,tatumja01,2023
466,Terry Taylor,PF,23,TOT,31,2,264,39,75,.520,5,19,.263,34,56,.607,.553,6,11,.545,27,20,47,10,3,6,9,26,89,taylote01,2023
466,Terry Taylor,PF,23,IND,26,2,228,30,65,.462,4,18,.222,26,47,.553,.492,5,7,.714,22,17,39,10,3,5,9,24,69,taylote01,2023
466,Terry Taylor,PF,23,CHI,5,0,36,9,10,.900,1,1,1.000,8,9,.889,.950,1,4,.250,5,3,8,0,0,1,0,2,20,taylote01,2023
467,Garrett Temple,SG,36,NOP,25,0,162,18,45,.400,11,26,.423,7,19,.368,.522,3,4,.750,5,12,17,13,9,2,4,15,50,templga01,2023
468,Dalen Terry,SG,20,CHI,38,0,214,32,72,.444,7,27,.259,25,45,.556,.493,14,21,.667,12,25,37,22,11,5,8,24,85,terryda01,2023
469,Daniel Theis,C,30,IND,7,1,109,21,44,.477,2,11,.182,19,33,.576,.500,5,12,.417,7,15,22,9,2,6,3,7,49,theisda01,2023
470,Cam Thomas,SG,21,BRK,57,4,948,201,456,.441,51,133,.383,150,323,.464,.497,151,174,.868,8,87,95,78,20,7,63,55,604,thomaca02,2023
471,Klay Thompson,SF,32,GSW,69,69,2279,546,1252,.436,301,731,.412,245,521,.470,.556,116,132,.879,39,247,286,163,49,29,123,130,1509,thompkl01,2023
472,JT Thor,PF,20,CHO,69,8,969,95,238,.399,39,123,.317,56,115,.487,.481,33,47,.702,36,116,152,36,22,23,44,66,262,thorjt01,2023
473,Matisse Thybulle,SF-SG,25,TOT,71,28,1200,110,253,.435,54,148,.365,56,105,.533,.542,19,28,.679,40,100,140,53,83,32,24,113,293,thybuma01,2023
473,Matisse Thybulle,SF,25,PHI,49,6,591,50,116,.431,21,63,.333,29,53,.547,.522,9,12,.750,20,43,63,23,45,14,8,65,130,thybuma01,2023
473,Matisse Thybulle,SG,25,POR,22,22,609,60,137,.438,33,85,.388,27,52,.519,.558,10,16,.625,20,57,77,30,38,18,16,48,163,thybuma01,2023
474,Xavier Tillman Sr.,C,24,MEM,61,29,1180,188,306,.614,4,15,.267,184,291,.632,.621,49,89,.551,121,186,307,96,58,29,44,97,429,tillmxa01,2023
475,Isaiah Todd,PF,21,WAS,6,1,61,3,19,.158,1,10,.100,2,9,.222,.184,2,2,1.000,2,10,12,4,1,0,2,4,9,toddis01,2023
476,Obi Toppin,PF,24,NYK,67,5,1050,187,419,.446,85,247,.344,102,172,.593,.548,38,47,.809,29,158,187,66,23,12,38,68,497,toppiob01,2023
477,Juan Toscano-Anderson,SF,29,TOT,52,9,700,64,143,.448,8,43,.186,56,100,.560,.476,19,24,.792,28,96,124,65,16,10,34,80,155,toscaju01,2023
477,Juan Toscano-Anderson,SF,29,LAL,30,7,365,33,66,.500,4,20,.200,29,46,.630,.530,11,15,.733,14,47,61,25,10,7,17,46,81,toscaju01,2023
477,Juan Toscano-Anderson,SF,29,UTA,22,2,335,31,77,.403,4,23,.174,27,54,.500,.429,8,9,.889,14,49,63,40,6,3,17,34,74,toscaju01,2023
478,Karl-Anthony Towns,PF,27,MIN,29,29,957,212,428,.495,60,164,.366,152,264,.576,.565,118,135,.874,48,188,236,140,20,17,86,111,602,townska01,2023
479,Gary Trent Jr.,SG,24,TOR,66,44,2118,405,935,.433,166,450,.369,239,485,.493,.522,172,205,.839,30,143,173,106,104,14,55,102,1148,trentga02,2023
480,P.J. Tucker,PF,37,PHI,75,75,1920,96,225,.427,55,140,.393,41,85,.482,.549,19,23,.826,95,200,295,60,39,15,44,180,266,tuckepj01,2023
481,Myles Turner,C,26,IND,62,62,1825,402,733,.548,93,249,.373,309,484,.638,.612,216,276,.783,88,378,466,89,36,140,103,215,1113,turnemy01,2023
482,Stanley Umude,SG,23,DET,1,0,2,0,1,.000,0,1,.000,0,0,,.000,2,2,1.000,0,0,0,0,1,1,0,0,2,umudest01,2023
483,Jonas Valančiūnas,C,30,NOP,79,79,1968,446,816,.547,38,109,.349,408,707,.577,.570,185,224,.826,225,579,804,140,20,52,159,245,1115,valanjo01,2023
484,Jarred Vanderbilt,PF,23,TOT,78,65,1879,247,451,.548,29,90,.322,218,361,.604,.580,96,139,.691,170,412,582,184,83,21,97,190,619,vandeja01,2023
484,Jarred Vanderbilt,PF,23,UTA,52,41,1254,173,311,.556,19,57,.333,154,254,.606,.587,67,102,.657,121,288,409,142,53,15,68,133,432,vandeja01,2023
484,Jarred Vanderbilt,PF,23,LAL,26,24,625,74,140,.529,10,33,.303,64,107,.598,.564,29,37,.784,49,124,173,42,30,6,29,57,187,vandeja01,2023
485,Fred VanVleet,PG,28,TOR,69,69,2535,437,1112,.393,207,606,.342,230,506,.455,.486,254,283,.898,30,250,280,495,123,38,140,193,1335,vanvlfr01,2023
486,Devin Vassell,SG,22,SAS,38,32,1178,261,595,.439,103,266,.387,158,329,.480,.525,78,100,.780,8,140,148,136,43,17,57,57,703,vassede01,2023
487,Gabe Vincent,PG,26,MIA,68,34,1759,228,567,.402,117,350,.334,111,217,.512,.505,68,78,.872,27,118,145,167,62,5,92,154,641,vincega01,2023
488,Noah Vonleh,C,27,BOS,23,1,171,11,24,.458,1,4,.250,10,20,.500,.479,2,2,1.000,18,30,48,7,2,8,11,35,25,vonleno01,2023
489,Nikola Vučević,C,32,CHI,82,82,2746,597,1148,.520,121,347,.349,476,801,.594,.573,132,158,.835,159,744,903,265,60,57,139,179,1447,vucevni01,2023
490,Dean Wade,PF,26,CLE,44,13,891,73,177,.412,45,127,.354,28,50,.560,.540,15,23,.652,20,130,150,37,28,21,17,89,206,wadede01,2023
491,Franz Wagner,SF,21,ORL,80,80,2609,542,1118,.485,130,360,.361,412,758,.544,.543,271,322,.842,70,259,329,283,77,17,167,183,1485,wagnefr01,2023
492,Moritz Wagner,C,25,ORL,57,18,1109,198,396,.500,51,163,.313,147,233,.631,.564,153,182,.841,69,190,259,84,37,13,68,136,600,wagnemo01,2023
493,Ish Wainright,SF,28,PHO,60,2,915,84,227,.370,57,173,.329,27,54,.500,.496,26,31,.839,45,94,139,53,38,22,22,117,251,wainris01,2023
494,Jabari Walker,SF,20,POR,56,0,619,83,198,.419,16,56,.286,67,142,.472,.460,34,45,.756,48,83,131,34,10,13,29,69,216,walkeja01,2023
495,Kemba Walker,PG,32,DAL,9,1,144,24,57,.421,7,28,.250,17,29,.586,.482,17,21,.810,3,13,16,19,2,2,4,11,72,walkeke02,2023
496,Lonnie Walker IV,SG,24,LAL,56,32,1297,236,527,.448,91,249,.365,145,278,.522,.534,91,106,.858,14,95,109,64,30,17,46,71,654,walkelo01,2023
497,John Wall,PG,32,LAC,34,3,755,138,338,.408,33,109,.303,105,229,.459,.457,77,113,.681,14,78,92,178,27,12,80,59,386,walljo01,2023
498,T.J. Warren,PF-SF,29,TOT,42,0,687,132,270,.489,22,67,.328,110,203,.542,.530,28,35,.800,26,95,121,40,22,12,20,65,314,warretj01,2023
498,T.J. Warren,PF,29,BRK,26,0,490,102,200,.510,16,48,.333,86,152,.566,.550,27,33,.818,13,59,72,29,15,7,17,45,247,warretj01,2023
498,T.J. Warren,SF,29,PHO,16,0,197,30,70,.429,6,19,.316,24,51,.471,.471,1,2,.500,13,36,49,11,7,5,3,20,67,warretj01,2023
499,Duane Washington Jr.,SG,22,PHO,31,3,394,94,256,.367,40,111,.360,54,145,.372,.445,16,24,.667,2,34,36,63,6,4,34,23,244,washidu02,2023
500,P.J. Washington,PF,24,CHO,73,73,2380,434,978,.444,149,428,.348,285,550,.518,.520,127,174,.730,73,285,358,175,66,79,110,193,1144,washipj01,2023
501,TyTy Washington Jr.,PG,21,HOU,31,2,433,58,160,.363,19,80,.238,39,80,.488,.422,10,18,.556,2,43,45,47,15,2,14,29,145,washity02,2023
502,Yuta Watanabe,SF,28,BRK,58,1,928,114,232,.491,60,135,.444,54,97,.557,.621,34,47,.723,30,111,141,48,25,17,22,80,322,watanyu01,2023
503,Lindy Waters III,SG,25,OKC,41,0,531,70,178,.393,58,162,.358,12,16,.750,.556,16,20,.800,16,59,75,28,14,11,10,42,214,waterli01,2023
504,Trendon Watford,PF,22,POR,62,12,1182,181,323,.560,25,64,.391,156,259,.602,.599,72,100,.720,42,196,238,130,32,12,71,118,459,watfotr01,2023
505,Peyton Watson,SG,20,DEN,23,2,186,29,59,.492,6,14,.429,23,45,.511,.542,11,20,.550,8,29,37,11,2,11,8,14,75,watsope01,2023
506,Blake Wesley,SG,19,SAS,37,1,669,69,215,.321,20,52,.385,49,163,.301,.367,26,44,.591,11,70,81,99,25,5,65,67,184,weslebl01,2023
507,Russell Westbrook,PG,34,TOT,73,24,2126,432,991,.436,89,286,.311,343,705,.487,.481,206,314,.656,89,334,423,551,76,33,255,162,1159,westbru01,2023
507,Russell Westbrook,PG,34,LAL,52,3,1491,304,729,.417,63,213,.296,241,516,.467,.460,156,238,.655,59,262,321,391,53,23,184,121,827,westbru01,2023
507,Russell Westbrook,PG,34,LAC,21,21,635,128,262,.489,26,73,.356,102,189,.540,.538,50,76,.658,30,72,102,160,23,10,71,41,332,westbru01,2023
508,Coby White,SG,22,CHI,74,2,1730,263,594,.443,128,344,.372,135,250,.540,.551,61,70,.871,16,196,212,204,54,6,74,122,715,whiteco01,2023
509,Derrick White,SG,28,BOS,82,70,2319,350,758,.462,149,391,.381,201,367,.548,.560,168,192,.875,52,241,293,321,54,76,95,177,1017,whitede01,2023
510,Jack White,SF,25,DEN,17,0,66,8,19,.421,3,9,.333,5,10,.500,.500,2,3,.667,6,11,17,4,3,2,2,9,21,whiteja03,2023
511,Joe Wieskamp,SF,23,TOR,9,0,50,3,14,.214,3,12,.250,0,2,.000,.321,0,0,,0,4,4,3,0,0,1,3,9,wieskjo01,2023
512,Aaron Wiggins,SG,24,OKC,70,14,1297,186,363,.512,48,122,.393,138,241,.573,.579,59,71,.831,68,142,210,80,39,15,55,110,479,wiggiaa01,2023
513,Andrew Wiggins,SF,27,GSW,37,37,1190,250,529,.473,89,225,.396,161,304,.530,.557,44,72,.611,61,125,186,85,45,28,48,107,633,wiggian01,2023
514,Lindell Wigginton,PG,24,MIL,7,1,87,18,37,.486,6,18,.333,12,19,.632,.568,8,9,.889,0,7,7,14,0,2,12,7,50,wiggili01,2023
515,Alondes Williams,SG,23,BRK,1,0,5,0,0,,0,0,,0,0,,,0,0,,0,1,1,0,0,0,2,1,0,willial06,2023
516,Donovan Williams,SG,21,ATL,2,0,4,2,5,.400,0,2,.000,2,3,.667,.400,0,0,,0,2,2,0,0,0,0,0,4,willido02,2023
517,Grant Williams,PF,24,BOS,79,23,2045,216,476,.454,115,291,.395,101,185,.546,.575,94,122,.770,87,276,363,131,41,31,82,192,641,willigr01,2023
518,Jalen Williams,SG,21,OKC,75,62,2276,414,794,.521,73,205,.356,341,589,.579,.567,155,191,.812,84,253,337,248,103,35,123,191,1056,willija06,2023
519,Jaylin Williams,C,20,OKC,49,36,914,102,234,.436,46,113,.407,56,121,.463,.534,38,54,.704,44,197,241,76,28,12,37,111,288,willija07,2023
520,Jeenathan Williams,SG,23,POR,5,4,127,24,39,.615,3,8,.375,21,31,.677,.654,2,3,.667,10,5,15,10,3,2,4,13,53,willije02,2023
521,Kenrich Williams,PF,28,OKC,53,10,1206,179,346,.517,50,134,.373,129,212,.608,.590,17,39,.436,97,164,261,105,45,14,32,112,425,willike04,2023
522,Mark Williams,C,21,CHO,43,17,828,160,251,.637,0,0,,160,251,.637,.637,67,97,.691,93,211,304,18,28,45,40,94,387,willima07,2023
523,Patrick Williams,PF,21,CHI,82,65,2323,314,677,.464,115,277,.415,199,400,.498,.549,90,105,.857,78,249,327,100,72,70,101,147,833,willipa01,2023
524,Robert Williams,C,25,BOS,35,20,824,127,170,.747,0,1,.000,127,169,.751,.747,25,41,.610,104,188,292,50,22,48,34,68,279,williro04,2023
525,Vince Williams Jr.,SG,22,MEM,15,1,105,12,40,.300,4,28,.143,8,12,.667,.350,2,2,1.000,4,11,15,4,6,2,5,12,30,willivi01,2023
526,Ziaire Williams,SF,21,MEM,37,4,561,84,196,.429,25,97,.258,59,99,.596,.492,17,22,.773,16,63,79,35,14,6,37,58,210,willizi02,2023
527,Zion Williamson,PF,22,NOP,29,29,956,285,469,.608,7,19,.368,278,450,.618,.615,177,248,.714,58,144,202,133,32,16,99,65,754,willizi01,2023
528,Dylan Windler,SF,26,CLE,3,0,10,2,3,.667,1,2,.500,1,1,1.000,.833,0,0,,0,0,0,1,1,0,1,0,5,windldy01,2023
529,Justise Winslow,PF,26,POR,29,11,776,81,198,.409,14,45,.311,67,153,.438,.444,20,28,.714,49,96,145,98,30,11,43,89,196,winslju01,2023
530,James Wiseman,C,21,TOT,45,22,867,189,339,.558,4,20,.200,185,319,.580,.563,68,97,.701,73,194,267,30,7,27,51,108,450,wisemja01,2023
530,James Wiseman,C,21,GSW,21,0,262,59,94,.628,1,2,.500,58,92,.630,.633,26,38,.684,18,55,73,14,3,7,14,39,145,wisemja01,2023
530,James Wiseman,C,21,DET,24,22,605,130,245,.531,3,18,.167,127,227,.559,.537,42,59,.712,55,139,194,16,4,20,37,69,305,wisemja01,2023
531,Christian Wood,C,27,DAL,67,17,1738,396,769,.515,105,279,.376,291,490,.594,.583,217,281,.772,87,404,491,121,30,72,121,169,1114,woodch01,2023
532,Delon Wright,PG,30,WAS,50,14,1221,138,291,.474,41,119,.345,97,172,.564,.545,52,60,.867,58,122,180,194,92,17,44,59,369,wrighde01,2023
533,McKinley Wright IV,PG,24,DAL,27,1,335,46,98,.469,9,28,.321,37,70,.529,.515,13,19,.684,9,38,47,58,8,5,19,24,114,wrighmc01,2023
534,Gabe York,SG,29,IND,3,0,56,8,21,.381,6,18,.333,2,3,.667,.524,2,2,1.000,0,6,6,5,2,0,0,5,24,yorkga01,2023
535,Thaddeus Young,PF,34,TOR,54,9,795,108,198,.545,6,34,.176,102,164,.622,.561,18,26,.692,71,95,166,75,54,5,42,88,240,youngth01,2023
536,Trae Young,PG,24,ATL,73,73,2541,597,1390,.429,154,460,.335,443,930,.476,.485,566,639,.886,56,161,217,741,80,9,300,104,1914,youngtr01,2023
537,Omer Yurtseven,C,24,MIA,9,0,83,16,27,.593,3,7,.429,13,20,.650,.648,5,6,.833,8,15,23,2,2,2,4,16,40,yurtsom01,2023
538,Cody Zeller,C,30,MIA,15,2,217,37,59,.627,0,2,.000,37,57,.649,.627,24,35,.686,25,39,64,10,3,4,14,33,98,zelleco01,2023
539,Ivica Zubac,C,25,LAC,76,76,2170,326,514,.634,0,2,.000,326,512,.637,.634,166,238,.697,236,520,756,77,29,98,117,219,818,zubaciv01,2023
