Rk,Player,Pos,Age,Tm,G,GS,MP,FG,FGA,FG%,3P,3PA,3P%,2P,2PA,2P%,eFG%,FT,FTA,FT%,ORB,DRB,TRB,AST,STL,BLK,TOV,PF,PTS,Player-additional
1,Mahmoud Abdul-Rauf,PG,27,SAC,75,51,2131,411,924,.445,94,246,.382,317,678,.468,.496,115,136,.846,16,106,122,189,56,6,119,174,1031,abdulma02
2,Shareef Abdur-Rahim,PF,20,VAN,80,71,2802,550,1214,.453,7,27,.259,543,1187,.457,.456,387,519,.746,216,339,555,175,79,79,225,199,1494,abdursh01
3,Rafael Addison,SF,32,CHH,41,3,355,49,122,.402,8,20,.400,41,102,.402,.434,22,28,.786,19,26,45,34,8,3,17,52,128,addisra01
4,Cory Alexander,PG,23,SAS,80,6,1454,194,490,.396,94,252,.373,100,238,.420,.492,95,129,.736,29,94,123,254,82,16,146,148,577,alexaco01
5,Jerome Allen,SG,24,TOT,76,1,943,78,221,.353,30,93,.323,48,128,.375,.421,42,72,.583,25,73,98,152,31,4,69,84,228,allenje01
5,Jerome Allen,SG,24,IND,51,1,692,57,147,.388,23,59,.390,34,88,.386,.466,27,47,.574,13,52,65,109,27,0,56,67,164,allenje01
5,Jerome Allen,SG,24,DEN,25,0,251,21,74,.284,7,34,.206,14,40,.350,.331,15,25,.600,12,21,33,43,4,4,13,17,64,allenje01
6,Ray Allen*,SG,21,MIL,82,81,2532,390,908,.430,117,298,.393,273,610,.448,.494,205,249,.823,97,229,326,210,75,10,149,218,1102,allenra02
7,Derrick Alston,C,24,ATL,2,0,11,0,5,.000,0,0,,0,5,.000,.000,0,2,.000,3,1,4,0,0,0,0,0,0,alstode01
8,Ashraf Amaya,PF,25,WSB,31,0,144,12,40,.300,1,1,1.000,11,39,.282,.313,15,28,.536,19,33,52,3,7,3,10,29,40,amayaas01
9,Greg Anderson,C,32,SAS,82,48,1659,130,262,.496,0,1,.000,130,261,.498,.496,62,93,.667,157,291,448,34,63,67,73,225,322,andergr01
10,Kenny Anderson,PG,26,POR,82,81,3081,485,1137,.427,132,366,.361,353,771,.458,.485,334,435,.768,91,272,363,584,162,15,193,222,1436,anderke01
11,Nick Anderson,SG,29,ORL,63,61,2163,288,725,.397,143,405,.353,145,320,.453,.496,38,94,.404,66,238,304,182,120,32,86,160,757,anderni01
12,Shandon Anderson,SG,23,UTA,65,0,1066,147,318,.462,24,47,.511,123,271,.454,.500,68,99,.687,52,127,179,49,27,8,73,113,386,andersh01
13,Willie Anderson,SG,30,MIA,28,1,303,29,64,.453,8,19,.421,21,45,.467,.516,17,20,.850,15,27,42,34,14,4,19,36,83,anderwi01
14,Greg Anthony,PG,29,VAN,65,44,1863,199,507,.393,88,238,.370,111,269,.413,.479,130,178,.730,25,159,184,407,129,4,129,122,616,anthogr01
15,B.J. Armstrong,PG,29,GSW,49,17,1020,148,327,.453,25,90,.278,123,237,.519,.491,68,79,.861,7,67,74,126,25,2,53,56,389,armstbj01
16,Darrell Armstrong,PG,28,ORL,67,0,1010,132,345,.383,55,181,.304,77,164,.470,.462,92,106,.868,35,41,76,175,61,9,99,114,411,armstda01
17,Vincent Askew,SG,30,TOT,43,0,838,81,186,.435,7,24,.292,74,162,.457,.454,70,88,.795,25,73,98,90,17,6,46,123,239,askewvi01
17,Vincent Askew,SG,30,NJN,1,0,7,0,0,,0,0,,0,0,,,0,0,,0,0,0,0,0,0,0,1,0,askewvi01
17,Vincent Askew,SG,30,IND,41,0,822,79,183,.432,7,24,.292,72,159,.453,.451,68,86,.791,25,73,98,90,17,6,42,122,233,askewvi01
17,Vincent Askew,SG,30,DEN,1,0,9,2,3,.667,0,0,,2,3,.667,.667,2,2,1.000,0,0,0,0,0,0,4,0,6,askewvi01
18,Keith Askins,SF,29,MIA,78,30,1773,138,319,.433,69,172,.401,69,147,.469,.541,39,58,.672,86,185,271,75,53,19,59,196,384,askinke01
19,Stacey Augmon,SG,28,TOT,60,10,942,105,220,.477,0,0,,105,220,.477,.477,69,97,.711,47,91,138,56,42,17,64,87,279,augmost01
19,Stacey Augmon,SG,28,DET,20,3,292,31,77,.403,0,0,,31,77,.403,.403,28,41,.683,14,35,49,15,10,10,27,29,90,augmost01
19,Stacey Augmon,SG,28,POR,40,7,650,74,143,.517,0,0,,74,143,.517,.517,41,56,.732,33,56,89,41,32,7,37,58,189,augmost01
20,Isaac Austin,C,27,MIA,82,17,1881,321,639,.502,0,3,.000,321,636,.505,.502,150,226,.664,136,342,478,101,45,43,161,244,792,austiis01
21,Vin Baker,PF,25,MIL,78,78,3159,632,1251,.505,15,54,.278,617,1197,.515,.511,358,521,.687,267,537,804,211,81,112,245,275,1637,bakervi01
22,Charles Barkley*,PF,33,HOU,53,53,2009,335,692,.484,58,205,.283,277,487,.569,.526,288,415,.694,212,504,716,248,69,25,151,153,1016,barklch01
23,Dana Barros,PG,29,BOS,24,8,708,110,253,.435,43,105,.410,67,148,.453,.520,37,43,.860,5,43,48,81,26,6,39,34,300,barroda01
24,Brent Barry,SG,25,LAC,59,0,1094,155,379,.409,56,173,.324,99,206,.481,.483,76,93,.817,30,80,110,154,51,15,76,88,442,barrybr01
25,Jon Barry,SG,27,ATL,58,8,965,100,246,.407,48,124,.387,52,122,.426,.504,37,46,.804,26,73,99,115,55,3,59,56,285,barryjo01
26,Benoit Benjamin,C,32,TOR,4,3,44,5,12,.417,0,0,,5,12,.417,.417,3,4,.750,3,6,9,1,1,0,2,5,13,benjabe01
27,Elmer Bennett,PG,26,TOT,9,0,75,6,19,.316,3,9,.333,3,10,.300,.395,7,10,.700,0,4,4,11,4,0,10,7,22,benneel01
27,Elmer Bennett,PG,26,HOU,4,0,16,2,6,.333,1,3,.333,1,3,.333,.417,5,6,.833,0,1,1,4,2,0,0,1,10,benneel01
27,Elmer Bennett,PG,26,DEN,5,0,59,4,13,.308,2,6,.333,2,7,.286,.385,2,4,.500,0,3,3,7,2,0,10,6,12,benneel01
28,Travis Best,PG,24,IND,76,46,2064,274,620,.442,57,155,.368,217,465,.467,.488,149,197,.756,36,130,166,318,98,5,153,221,754,besttr01
29,Mookie Blaylock,PG,29,ATL,78,78,3056,501,1159,.432,221,604,.366,280,555,.505,.528,131,174,.753,114,299,413,463,212,20,185,141,1354,blaylmo01
30,Corie Blount,PF,28,LAL,58,18,1009,92,179,.514,1,3,.333,91,176,.517,.517,56,83,.675,113,163,276,35,22,26,50,121,241,blounco01
31,Muggsy Bogues,PG,32,CHH,65,65,1880,204,443,.460,60,144,.417,144,299,.482,.528,54,64,.844,25,116,141,469,82,2,108,114,522,boguemu01
32,Dexter Boney,SG,26,PHO,8,0,48,6,19,.316,1,6,.167,5,13,.385,.342,6,8,.750,3,3,6,0,2,1,1,3,19,boneyde01
33,Melvin Booker,PG,24,TOT,21,4,430,46,105,.438,12,37,.324,34,68,.500,.495,18,20,.900,7,22,29,53,3,2,27,28,122,bookeme01
33,Melvin Booker,PG,24,DEN,5,0,21,2,4,.500,1,2,.500,1,2,.500,.625,0,0,,0,1,1,3,0,0,7,0,5,bookeme01
33,Melvin Booker,PG,24,GSW,16,4,409,44,101,.436,11,35,.314,33,66,.500,.490,18,20,.900,7,21,28,50,3,2,20,28,117,bookeme01
34,Bruce Bowen,SF,25,MIA,1,0,1,0,0,,0,0,,0,0,,,0,0,,0,0,0,0,0,1,0,0,0,bowenbr01
35,Donnie Boyce,SG,23,ATL,22,2,154,21,63,.333,2,16,.125,19,47,.404,.349,11,22,.500,7,8,15,13,10,4,16,17,55,boycedo01
36,Shawn Bradley,C,24,TOT,73,70,2288,406,905,.449,0,8,.000,406,897,.453,.449,149,228,.654,221,390,611,52,40,248,134,237,961,bradlsh01
36,Shawn Bradley,C,24,NJN,40,38,1228,199,456,.436,0,5,.000,199,451,.441,.436,81,122,.664,118,207,325,20,23,160,64,122,479,bradlsh01
36,Shawn Bradley,C,24,DAL,33,32,1060,207,449,.461,0,3,.000,207,446,.464,.461,68,106,.642,103,183,286,32,17,88,70,115,482,bradlsh01
37,Mark Bradtke,C,28,PHI,36,0,251,25,58,.431,0,0,,25,58,.431,.431,9,13,.692,26,42,68,7,5,5,9,34,59,bradtma01
38,Terrell Brandon,PG,26,CLE,78,78,2868,575,1313,.438,101,271,.373,474,1042,.455,.476,268,297,.902,48,253,301,490,138,30,178,177,1519,brandte01
39,Frank Brickowski,PF,37,BOS,17,2,255,32,73,.438,7,20,.350,25,53,.472,.486,10,14,.714,6,28,34,15,5,4,19,42,81,brickfr01
40,Scott Brooks,PG,31,NYK,38,0,251,19,39,.487,5,12,.417,14,27,.519,.551,14,15,.933,6,12,18,29,21,0,17,35,57,brooksc01
41,Chucky Brown,SF,28,TOT,70,1,757,78,154,.506,1,6,.167,77,148,.520,.510,47,70,.671,41,107,148,28,9,22,19,100,204,brownch01
41,Chucky Brown,SF,28,PHO,10,0,83,13,26,.500,0,0,,13,26,.500,.500,8,11,.727,3,13,16,4,0,2,4,14,34,brownch01
41,Chucky Brown,SF,28,MIL,60,1,674,65,128,.508,1,6,.167,64,122,.525,.512,39,59,.661,38,94,132,24,9,20,15,86,170,brownch01
42,Dee Brown,PG,28,BOS,21,2,522,61,166,.367,20,65,.308,41,101,.406,.428,18,22,.818,8,40,48,67,31,7,24,45,160,brownde01
43,Marcus Brown,PG,22,POR,21,0,184,28,70,.400,13,32,.406,15,38,.395,.493,13,19,.684,4,11,15,20,8,2,13,26,82,brownma01
44,Mike Brown,C,33,PHO,6,1,83,5,12,.417,0,0,,5,12,.417,.417,6,10,.600,9,16,25,5,1,1,2,9,16,brownmi01
45,P.J. Brown,PF,27,MIA,80,71,2592,300,656,.457,0,2,.000,300,654,.459,.457,161,220,.732,239,431,670,92,85,98,113,283,761,brownpj01
46,Randy Brown,PG,28,CHI,72,3,1057,140,333,.420,4,22,.182,136,311,.437,.426,57,84,.679,34,77,111,133,81,17,58,116,341,brownra02
47,Kobe Bryant*,SF,18,LAL,71,6,1103,176,422,.417,51,136,.375,125,286,.437,.477,136,166,.819,47,85,132,91,49,23,112,102,539,bryanko01
48,Mark Bryant,PF,31,PHO,41,18,1018,152,275,.553,0,0,,152,275,.553,.553,76,108,.704,67,145,212,47,22,5,46,136,380,bryanma01
49,Jud Buechler,SF,28,CHI,76,0,703,58,158,.367,18,54,.333,40,104,.385,.424,5,14,.357,45,81,126,60,23,21,27,50,139,buechju01
50,Matt Bullard,PF,29,HOU,71,12,1025,114,284,.401,67,183,.366,47,101,.465,.519,25,34,.735,13,104,117,67,21,18,38,68,320,bullama01
51,Scott Burrell,SF,26,TOT,57,2,939,98,271,.362,41,116,.353,57,155,.368,.437,57,76,.750,49,109,158,74,28,19,53,120,294,burresc01
51,Scott Burrell,SF,26,CHH,28,2,482,45,131,.344,19,55,.345,26,76,.342,.416,42,53,.792,24,55,79,39,14,11,25,60,151,burresc01
51,Scott Burrell,SF,26,GSW,29,0,457,53,140,.379,22,61,.361,31,79,.392,.457,15,23,.652,25,54,79,35,14,8,28,60,143,burresc01
52,Willie Burton,SF,28,ATL,24,2,380,39,116,.336,13,46,.283,26,70,.371,.392,57,68,.838,11,30,41,11,8,3,26,55,148,burtowi01
53,Mitchell Butler,SG,26,POR,49,1,465,52,125,.416,12,39,.308,40,86,.465,.464,32,50,.640,19,34,53,30,13,2,27,55,148,butlemi02
54,Jason Caffey,PF,23,CHI,75,19,1405,205,385,.532,0,1,.000,205,384,.534,.532,139,211,.659,135,166,301,89,25,9,97,149,549,caffeja01
55,Michael Cage,C,35,PHI,82,24,1247,66,141,.468,0,0,,66,141,.468,.468,19,41,.463,112,208,320,43,48,42,17,118,151,cagemi01
56,Adrian Caldwell,PF,30,TOT,45,0,569,40,92,.435,0,2,.000,40,90,.444,.435,21,50,.420,58,109,167,12,16,8,28,87,101,caldwad01
56,Adrian Caldwell,PF,30,NJN,18,0,204,10,35,.286,0,2,.000,10,33,.303,.286,9,17,.529,20,36,56,5,8,1,12,27,29,caldwad01
56,Adrian Caldwell,PF,30,PHI,27,0,365,30,57,.526,0,0,,30,57,.526,.526,12,33,.364,38,73,111,7,8,7,16,60,72,caldwad01
57,Marcus Camby,C,22,TOR,63,38,1897,375,778,.482,2,14,.143,373,764,.488,.483,183,264,.693,131,263,394,97,66,130,134,214,935,cambyma01
58,Elden Campbell,PF,28,LAL,77,77,2516,442,942,.469,1,4,.250,441,938,.470,.470,263,370,.711,207,408,615,126,46,117,130,276,1148,campbel01
59,Antoine Carr,PF,35,UTA,82,0,1460,252,522,.483,0,3,.000,252,519,.486,.483,99,127,.780,60,135,195,74,24,63,75,214,603,carran01
60,Chris Carr,SG,22,MIN,55,10,830,125,271,.461,31,88,.352,94,183,.514,.518,56,73,.767,31,82,113,48,24,10,37,93,337,carrch01
61,Jimmy Carruth,PF,27,MIL,4,0,21,2,3,.667,0,0,,2,3,.667,.667,1,1,1.000,0,4,4,0,0,2,1,4,5,carruji01
62,Sam Cassell,PG,27,TOT,61,44,1714,337,783,.430,81,231,.351,256,552,.464,.482,212,251,.845,47,135,182,305,77,19,168,200,967,cassesa01
62,Sam Cassell,PG,27,PHO,22,9,539,100,241,.415,19,62,.306,81,179,.453,.454,106,124,.855,12,38,50,99,23,6,60,66,325,cassesa01
62,Sam Cassell,PG,27,DAL,16,13,398,70,165,.424,15,49,.306,55,116,.474,.470,42,50,.840,14,36,50,57,17,6,41,48,197,cassesa01
62,Sam Cassell,PG,27,NJN,23,22,777,167,377,.443,47,120,.392,120,257,.467,.505,64,77,.831,21,61,82,149,37,7,67,86,445,cassesa01
63,Duane Causwell,C,28,SAC,46,8,581,48,94,.511,2,3,.667,46,91,.505,.521,20,37,.541,57,70,127,20,15,38,34,131,118,causwdu01
64,Cedric Ceballos,SF,27,TOT,50,40,1426,282,617,.457,26,102,.255,256,515,.497,.478,139,186,.747,102,228,330,64,33,23,85,113,729,cebalce01
64,Cedric Ceballos,SF,27,LAL,8,8,279,34,83,.410,5,21,.238,29,62,.468,.440,13,15,.867,11,42,53,15,5,6,17,19,86,cebalce01
64,Cedric Ceballos,SF,27,PHO,42,32,1147,248,534,.464,21,81,.259,227,453,.501,.484,126,171,.737,91,186,277,49,28,17,68,94,643,cebalce01
65,Tom Chambers,PF,37,CHH,12,5,83,7,31,.226,2,3,.667,5,28,.179,.258,3,4,.750,3,11,14,4,1,0,9,14,19,chambto01
66,Rex Chapman,SG,29,PHO,65,33,1833,332,749,.443,110,314,.350,222,435,.510,.517,124,149,.832,25,156,181,182,52,7,96,108,898,chapmre01
67,Calbert Cheaney,SG,25,WSB,79,79,2411,369,730,.505,4,30,.133,365,700,.521,.508,95,137,.693,70,198,268,114,77,18,94,226,837,cheanca01
68,Pete Chilcutt,PF,28,VAN,54,1,662,72,165,.436,25,69,.362,47,96,.490,.512,13,22,.591,67,89,156,47,26,17,28,52,182,chilcpe01
69,Randolph Childress,PG,24,TOT,23,0,155,14,40,.350,5,19,.263,9,21,.429,.413,6,8,.750,1,5,6,17,9,0,18,16,39,childra01
69,Randolph Childress,PG,24,POR,19,0,125,10,30,.333,3,16,.188,7,14,.500,.383,6,8,.750,1,4,5,15,7,0,13,11,29,childra01
69,Randolph Childress,PG,24,DET,4,0,30,4,10,.400,2,3,.667,2,7,.286,.500,0,0,,0,1,1,2,2,0,5,5,10,childra01
70,Chris Childs,PG,29,NYK,65,61,2076,211,510,.414,70,181,.387,141,329,.429,.482,113,149,.758,22,169,191,398,78,11,180,213,605,childch01
71,Doug Christie,SG,26,TOR,81,81,3127,396,949,.417,147,383,.384,249,566,.440,.495,237,306,.775,85,347,432,315,201,45,200,245,1176,chrisdo01
72,Derrick Coleman,PF,29,PHI,57,54,2102,364,836,.435,32,119,.269,332,717,.463,.455,272,365,.745,157,416,573,193,50,75,184,164,1032,colemde01
73,Bimbo Coles,PG,28,GSW,51,13,1183,122,314,.389,30,102,.294,92,212,.434,.436,37,49,.755,39,79,118,149,35,7,59,96,311,colesbi01
74,Marty Conlon,C,29,BOS,74,15,1614,214,454,.471,2,10,.200,212,444,.477,.474,144,171,.842,128,195,323,104,46,18,109,154,574,conloma01
75,Tyrone Corbin,SF,34,ATL,70,65,2305,253,600,.422,74,208,.356,179,392,.457,.483,86,108,.796,76,218,294,124,90,7,85,176,666,corbity01
76,Joe Courtney,PF,27,TOT,9,0,100,11,30,.367,0,0,,11,30,.367,.367,3,5,.600,9,7,16,0,0,0,3,14,25,courtjo01
76,Joe Courtney,PF,27,PHI,4,0,52,6,14,.429,0,0,,6,14,.429,.429,0,0,,5,4,9,0,0,0,1,8,12,courtjo01
76,Joe Courtney,PF,27,SAS,5,0,48,5,16,.313,0,0,,5,16,.313,.313,3,5,.600,4,3,7,0,0,0,2,6,13,courtjo01
77,John Crotty,PG,27,MIA,48,0,659,79,154,.513,20,49,.408,59,105,.562,.578,54,64,.844,15,32,47,102,18,0,42,79,232,crottjo01
78,Terry Cummings,PF,35,SEA,45,3,828,155,319,.486,3,5,.600,152,314,.484,.491,57,82,.695,70,113,183,39,33,7,45,113,370,cummite01
79,Earl Cureton,PF,39,TOR,9,0,46,3,8,.375,0,0,,3,8,.375,.375,1,3,.333,4,5,9,4,0,0,1,10,7,curetea01
80,Dell Curry,SG,32,CHH,68,20,2078,384,836,.459,126,296,.426,258,540,.478,.535,114,142,.803,40,171,211,118,60,14,93,147,1008,curryde01
81,Michael Curry,SG,28,DET,81,2,1217,99,221,.448,23,77,.299,76,144,.528,.500,97,108,.898,23,96,119,43,31,12,28,128,318,currymi01
82,Erick Dampier,C,21,IND,72,21,1052,131,336,.390,1,1,1.000,130,335,.388,.391,107,168,.637,96,198,294,43,19,73,84,153,370,dampier01
83,Lloyd Daniels,SG,29,TOT,22,0,310,36,119,.303,21,70,.300,15,49,.306,.391,5,6,.833,19,24,43,26,10,3,14,33,98,daniell01
83,Lloyd Daniels,SG,29,SAC,5,0,28,2,16,.125,2,11,.182,0,5,.000,.188,0,0,,1,3,4,1,1,0,3,4,6,daniell01
83,Lloyd Daniels,SG,29,NJN,17,0,282,34,103,.330,19,59,.322,15,44,.341,.422,5,6,.833,18,21,39,25,9,3,11,29,92,daniell01
84,Sasha Danilović,SG,26,TOT,56,42,1789,248,570,.435,85,236,.360,163,334,.488,.510,121,151,.801,29,107,136,102,54,9,116,160,702,danilsa01
84,Sasha Danilović,SG,26,MIA,43,33,1351,175,396,.442,63,176,.358,112,220,.509,.521,73,94,.777,21,81,102,77,39,8,94,123,486,danilsa01
84,Sasha Danilović,SG,26,DAL,13,9,438,73,174,.420,22,60,.367,51,114,.447,.483,48,57,.842,8,26,34,25,15,1,22,37,216,danilsa01
85,Yinka Dare,C,24,NJN,41,2,313,19,54,.352,0,0,,19,54,.352,.352,19,37,.514,35,47,82,3,4,28,21,51,57,dareyi01
86,Antonio Davis,PF,28,IND,82,28,2335,308,641,.480,1,14,.071,307,627,.490,.481,241,362,.666,190,408,598,65,42,84,141,260,858,davisan01
87,Ben Davis,PF,24,PHO,20,0,98,10,26,.385,0,0,,10,26,.385,.385,9,20,.450,12,15,27,0,4,1,3,16,29,davisbe01
88,Dale Davis,PF,27,IND,80,76,2589,370,688,.538,0,0,,370,688,.538,.538,92,215,.428,301,471,772,59,60,77,108,233,832,davisda01
89,Emanual Davis,PG,28,HOU,13,0,230,24,54,.444,12,27,.444,12,27,.444,.556,5,8,.625,2,20,22,26,9,2,17,20,65,davisem01
90,Hubert Davis,SG,26,TOR,36,0,623,74,184,.402,16,70,.229,58,114,.509,.446,17,23,.739,11,29,40,34,11,2,21,40,181,davishu01
91,Mark Davis,SF,23,PHI,75,17,1705,251,535,.469,24,93,.258,227,442,.514,.492,113,168,.673,138,185,323,135,85,31,118,230,639,davisma02
92,Todd Day,SG,27,BOS,81,27,2277,398,999,.398,126,348,.362,272,651,.418,.461,256,331,.773,109,221,330,117,108,48,127,208,1178,dayto01
93,Andrew DeClercq,C,23,GSW,71,1,1065,142,273,.520,0,0,,142,273,.520,.520,91,151,.603,122,176,298,32,33,27,76,229,375,declean01
94,Terry Dehere,PG,25,LAC,73,3,1053,148,383,.386,52,160,.325,96,223,.430,.454,122,148,.824,15,80,95,158,27,3,96,142,470,deherte01
95,Vinny Del Negro,SG,30,SAS,72,53,2243,365,781,.467,44,140,.314,321,641,.501,.496,112,129,.868,39,171,210,231,59,7,92,131,886,delnevi01
96,Bison Dele,C,27,CHI,9,0,138,26,63,.413,0,0,,26,63,.413,.413,11,15,.733,14,19,33,12,3,5,11,20,63,delebi01
97,Tony Delk,PG,23,CHH,61,1,867,119,256,.465,52,112,.464,67,144,.465,.566,42,51,.824,31,68,99,99,36,6,68,71,332,delkto01
98,Dell Demps,SG,26,ORL,2,0,10,0,3,.000,0,1,.000,0,2,.000,.000,2,2,1.000,0,0,0,0,1,0,0,1,2,dempsde01
99,Vlade Divac*,C,28,CHH,81,80,2840,418,847,.494,11,47,.234,407,800,.509,.500,177,259,.683,241,484,725,301,103,180,193,277,1024,divacvl01
100,Sherman Douglas,PG,30,MIL,79,79,2316,306,610,.502,38,114,.333,268,496,.540,.533,114,171,.667,57,136,193,427,78,10,153,191,764,douglsh01
101,Greg Dreiling,C,34,DAL,40,3,389,34,74,.459,1,1,1.000,33,73,.452,.466,11,27,.407,19,57,76,11,8,7,9,65,80,dreilgr01
102,Clyde Drexler*,SG,34,HOU,62,62,2271,397,899,.442,119,335,.355,278,564,.493,.508,201,268,.750,118,255,373,354,119,36,156,151,1114,drexlcl01
103,Nate Driggers,SG,23,BOS,15,0,132,13,43,.302,0,9,.000,13,34,.382,.302,10,14,.714,12,10,22,6,3,2,6,10,36,driggna01
104,Kevin Duckworth,C,32,LAC,26,22,384,45,103,.437,3,4,.750,42,99,.424,.451,11,16,.688,23,37,60,16,9,11,33,63,104,duckwke01
105,Chris Dudley,C,31,POR,81,14,1840,126,293,.430,0,0,,126,293,.430,.430,65,137,.474,204,389,593,41,39,96,80,247,317,dudlech02
106,Joe Dumars*,SG,33,DET,79,79,2923,385,875,.440,166,384,.432,219,491,.446,.535,222,256,.867,38,153,191,318,57,1,128,97,1158,dumarjo01
107,Tony Dumas,SG,24,TOT,24,1,278,33,96,.344,4,28,.143,29,68,.426,.365,16,25,.640,3,13,16,25,10,2,16,45,86,dumasto01
107,Tony Dumas,SG,24,DAL,18,0,227,27,77,.351,3,24,.125,24,53,.453,.370,15,23,.652,3,11,14,22,10,1,15,36,72,dumasto01
107,Tony Dumas,SG,24,PHO,6,1,51,6,19,.316,1,4,.250,5,15,.333,.342,1,2,.500,0,2,2,3,0,1,1,9,14,dumasto01
108,Acie Earl,C,26,TOT,47,0,500,67,180,.372,0,5,.000,67,175,.383,.372,54,84,.643,35,61,96,20,15,28,35,61,188,earlac01
108,Acie Earl,C,26,TOR,38,0,457,59,157,.376,0,5,.000,59,152,.388,.376,44,70,.629,33,52,85,18,12,27,33,54,162,earlac01
108,Acie Earl,C,26,MIL,9,0,43,8,23,.348,0,0,,8,23,.348,.348,10,14,.714,2,9,11,2,3,1,2,7,26,earlac01
109,Tyus Edney,PG,23,SAC,70,20,1376,150,391,.384,8,42,.190,142,349,.407,.394,177,215,.823,34,79,113,226,60,2,112,98,485,edneyty01
110,Blue Edwards,SF,31,VAN,61,12,1439,182,458,.397,25,89,.281,157,369,.425,.425,89,109,.817,49,140,189,114,38,20,81,135,478,edwarbl01
111,Kevin Edwards,PG,31,NJN,32,0,477,69,183,.377,15,43,.349,54,140,.386,.418,37,43,.860,9,34,43,57,17,4,49,34,190,edwarke01
112,Craig Ehlo,SG,35,SEA,62,0,848,87,248,.351,27,95,.284,60,153,.392,.405,13,26,.500,39,71,110,68,36,4,45,71,214,ehlocr01
113,Howard Eisley,PG,24,UTA,82,0,1083,139,308,.451,20,72,.278,119,236,.504,.484,70,89,.787,20,64,84,198,44,10,110,141,368,eisleho01
114,Mario Elie,SF,33,HOU,78,77,2687,291,585,.497,120,286,.420,171,299,.572,.600,207,231,.896,60,175,235,310,92,12,135,200,909,eliema01
115,Sean Elliott,SF,28,SAS,39,39,1393,196,464,.422,42,126,.333,154,338,.456,.468,148,196,.755,48,142,190,124,24,24,89,105,582,elliose01
116,Dale Ellis,SF,36,DEN,82,51,2940,477,1151,.414,192,528,.364,285,623,.457,.498,215,263,.817,99,194,293,165,60,7,146,178,1361,ellisda01
117,LaPhonso Ellis,PF,26,DEN,55,49,2002,445,1014,.439,95,259,.367,350,755,.464,.486,218,282,.773,107,279,386,131,44,41,117,181,1203,ellisla01
118,Pervis Ellison,PF,29,BOS,6,4,125,6,16,.375,0,0,,6,16,.375,.375,3,5,.600,9,17,26,4,5,9,7,21,15,ellispe01
119,Brian Evans,SF,23,ORL,14,0,59,8,22,.364,4,8,.500,4,14,.286,.455,0,0,,1,7,8,7,1,2,2,6,20,evansbr01
120,Patrick Ewing*,C,34,NYK,78,78,2887,655,1342,.488,2,9,.222,653,1333,.490,.489,439,582,.754,175,659,834,156,69,189,269,250,1751,ewingpa01
121,Jamie Feick,PF-C,22,TOT,41,0,624,56,157,.357,5,14,.357,51,143,.357,.373,34,67,.507,82,132,214,26,16,14,31,78,151,feickja01
121,Jamie Feick,C,22,CHH,3,0,10,2,4,.500,1,1,1.000,1,3,.333,.625,0,2,.000,1,2,3,0,0,1,0,3,5,feickja01
121,Jamie Feick,PF,22,SAS,38,0,614,54,153,.353,4,13,.308,50,140,.357,.366,34,65,.523,81,130,211,26,16,13,31,75,146,feickja01
122,Duane Ferrell,SF,31,IND,62,18,1115,159,337,.472,18,44,.409,141,293,.481,.499,58,94,.617,57,84,141,66,38,6,55,120,394,ferredu01
123,Danny Ferry,PF,30,CLE,82,48,2633,341,794,.429,114,284,.401,227,510,.445,.501,74,87,.851,82,255,337,151,56,32,94,245,870,ferryda01
124,Michael Finley,SF,23,TOT,83,54,2790,475,1071,.444,101,280,.361,374,791,.473,.491,198,245,.808,88,284,372,224,68,24,164,138,1249,finlemi01
124,Michael Finley,SF,23,PHO,27,18,796,141,297,.475,14,55,.255,127,242,.525,.498,56,69,.812,34,86,120,68,18,4,44,42,352,finlemi01
124,Michael Finley,SF,23,DAL,56,36,1994,334,774,.432,87,225,.387,247,549,.450,.488,142,176,.807,54,198,252,156,50,20,120,96,897,finlemi01
125,Matt Fish,C,27,TOT,6,0,8,1,3,.333,0,0,,1,3,.333,.333,0,0,,1,4,5,0,0,0,2,2,2,fishma01
125,Matt Fish,C,27,WSB,5,0,7,1,3,.333,0,0,,1,3,.333,.333,0,0,,1,4,5,0,0,0,2,2,2,fishma01
125,Matt Fish,C,27,MIA,1,0,1,0,0,,0,0,,0,0,,,0,0,,0,0,0,0,0,0,0,0,0,fishma01
126,Derek Fisher,PG,22,LAL,80,3,921,104,262,.397,22,73,.301,82,189,.434,.439,79,120,.658,25,72,97,119,41,5,71,87,309,fishede01
127,Greg Foster,C,28,UTA,79,12,920,111,245,.453,2,3,.667,109,242,.450,.457,54,65,.831,56,131,187,31,10,20,54,145,278,fostegr01
128,Rick Fox,SF,27,BOS,76,75,2650,433,950,.456,101,278,.363,332,672,.494,.509,207,263,.787,114,280,394,286,167,40,178,279,1174,foxri01
129,Todd Fuller,C,22,GSW,75,18,949,114,266,.429,0,0,,114,266,.429,.429,76,110,.691,108,141,249,24,10,20,52,146,304,fulleto02
130,Kevin Gamble,SF,31,SAC,62,2,953,123,286,.430,54,112,.482,69,174,.397,.524,7,10,.700,13,94,107,77,21,17,27,76,307,gamblke01
131,Kevin Garnett*,SF,20,MIN,77,77,2995,549,1100,.499,6,21,.286,543,1079,.503,.502,205,272,.754,190,428,618,236,105,163,175,199,1309,garneke01
132,Dean Garrett,C,30,MIN,68,47,1665,223,389,.573,0,0,,223,389,.573,.573,96,138,.696,149,346,495,38,40,95,34,158,542,garrede01
133,Chris Gatling,PF,29,TOT,47,1,1283,327,623,.525,1,6,.167,326,617,.528,.526,236,329,.717,134,236,370,28,39,31,120,138,891,gatlich01
133,Chris Gatling,PF,29,DAL,44,1,1191,309,580,.533,1,6,.167,308,574,.537,.534,221,313,.706,126,222,348,25,35,31,114,125,840,gatlich01
133,Chris Gatling,PF,29,NJN,3,0,92,18,43,.419,0,0,,18,43,.419,.419,15,16,.938,8,14,22,3,4,0,6,13,51,gatlich01
134,Reggie Geary,PG,23,CLE,39,0,246,22,58,.379,8,21,.381,14,37,.378,.448,5,11,.455,4,11,15,36,13,2,15,36,57,gearyre01
135,Matt Geiger,C,27,CHH,49,13,1044,171,350,.489,6,20,.300,165,330,.500,.497,89,127,.701,100,158,258,38,20,27,67,153,437,geigema01
136,Kendall Gill,SF,28,NJN,82,81,3199,644,1453,.443,74,220,.336,570,1233,.462,.469,427,536,.797,183,316,499,326,154,46,218,225,1789,gillke01
137,Armen Gilliam,PF,32,MIL,80,25,2050,246,522,.471,0,0,,246,522,.471,.471,199,259,.768,136,361,497,53,61,40,105,206,691,gilliar01
138,Anthony Goldwire,PG,25,TOT,60,30,1188,131,330,.397,64,153,.418,67,177,.379,.494,61,78,.782,12,72,84,219,33,2,76,104,387,goldwan01
138,Anthony Goldwire,PG,25,CHH,33,9,576,62,154,.403,36,82,.439,26,72,.361,.519,30,40,.750,3,35,38,94,19,1,41,58,190,goldwan01
138,Anthony Goldwire,PG,25,DEN,27,21,612,69,176,.392,28,71,.394,41,105,.390,.472,31,38,.816,9,37,46,125,14,1,35,46,197,goldwan01
139,Greg Graham,SG,26,SEA,28,0,197,29,80,.363,9,31,.290,20,49,.408,.419,26,40,.650,2,11,13,11,12,1,10,12,93,grahagr01
140,Brian Grant,PF,24,SAC,24,15,607,91,207,.440,0,0,,91,207,.440,.440,70,90,.778,49,93,142,28,19,25,44,75,252,grantbr01
141,Gary Grant,PG,31,MIA,28,0,365,39,110,.355,14,46,.304,25,64,.391,.418,18,22,.818,8,30,38,45,16,0,27,39,110,grantga01
142,Harvey Grant,PF,31,WSB,78,25,1604,129,314,.411,28,89,.315,101,225,.449,.455,30,39,.769,63,193,256,68,46,48,30,167,316,grantha01
143,Horace Grant,PF,31,ORL,67,67,2496,358,695,.515,1,6,.167,357,689,.518,.516,128,179,.715,206,394,600,163,101,65,99,157,845,grantho01
144,Devin Gray,PF,24,TOT,6,0,49,8,26,.308,0,0,,8,26,.308,.308,2,5,.400,6,8,14,2,4,0,5,11,18,grayde01
144,Devin Gray,PF,24,SAC,3,0,25,3,11,.273,0,0,,3,11,.273,.273,2,4,.500,3,6,9,2,3,0,0,3,8,grayde01
144,Devin Gray,PF,24,SAS,3,0,24,5,15,.333,0,0,,5,15,.333,.333,0,1,.000,3,2,5,0,1,0,5,8,10,grayde01
145,Evric Gray,SF,27,NJN,5,0,42,4,15,.267,1,4,.250,3,11,.273,.300,4,4,1.000,1,2,3,2,1,0,3,5,13,grayev01
146,Jeff Grayer,SG,31,SAC,25,0,316,38,83,.458,4,11,.364,34,72,.472,.482,11,20,.550,21,17,38,25,8,7,15,42,91,grayeje01
147,A.C. Green,PF,33,TOT,83,73,2492,234,484,.483,1,20,.050,233,464,.502,.485,128,197,.650,222,434,656,69,70,16,74,145,597,greenac01
147,A.C. Green,PF,33,PHO,27,19,548,61,128,.477,0,3,.000,61,125,.488,.477,31,48,.646,33,105,138,17,18,1,20,34,153,greenac01
147,A.C. Green,PF,33,DAL,56,54,1944,173,356,.486,1,17,.059,172,339,.507,.487,97,149,.651,189,329,518,52,52,15,54,111,444,greenac01
148,Litterial Green,PG,26,DET,45,0,311,30,64,.469,0,10,.000,30,54,.556,.469,30,47,.638,6,16,22,41,16,1,15,27,90,greenli01
149,Tom Gugliotta,PF,27,MIN,81,81,3131,592,1339,.442,24,93,.258,568,1246,.456,.451,464,566,.820,187,515,702,335,130,89,293,237,1672,guglito01
150,Jack Haley,C,33,NJN,20,0,74,13,37,.351,0,0,,13,37,.351,.351,14,19,.737,13,19,32,5,1,1,2,14,40,haleyja01
151,Darvin Ham,SF,23,TOT,36,3,318,33,62,.532,0,0,,33,62,.532,.532,17,35,.486,29,27,56,14,9,8,22,57,83,hamda01
151,Darvin Ham,SF,23,DEN,35,3,313,32,61,.525,0,0,,32,61,.525,.525,16,33,.485,29,27,56,14,8,8,21,57,80,hamda01
151,Darvin Ham,SF,23,IND,1,0,5,1,1,1.000,0,0,,1,1,1.000,1.000,1,2,.500,0,0,0,0,1,0,1,0,3,hamda01
152,Steve Hamer,C,23,BOS,35,3,268,30,57,.526,0,2,.000,30,55,.545,.526,16,29,.552,17,43,60,7,2,4,13,39,76,hamerst01
153,Tom Hammonds,PF,29,DEN,81,8,1758,191,398,.480,0,2,.000,191,396,.482,.480,124,172,.721,135,266,401,64,16,24,88,205,506,hammoto01
154,Darrin Hancock,SF,25,TOT,24,0,133,16,35,.457,0,0,,16,35,.457,.457,10,14,.714,4,14,18,12,9,1,11,15,42,hancoda01
154,Darrin Hancock,SF,25,MIL,9,0,39,2,6,.333,0,0,,2,6,.333,.333,0,0,,1,4,5,4,2,0,4,7,4,hancoda01
154,Darrin Hancock,SF,25,ATL,14,0,86,13,27,.481,0,0,,13,27,.481,.481,8,12,.667,3,10,13,7,7,1,7,6,34,hancoda01
154,Darrin Hancock,SF,25,SAS,1,0,8,1,2,.500,0,0,,1,2,.500,.500,2,2,1.000,0,0,0,1,0,0,0,2,4,hancoda01
155,Anfernee Hardaway,PG,25,ORL,59,59,2221,421,941,.447,85,267,.318,336,674,.499,.493,283,345,.820,82,181,263,332,93,35,145,123,1210,hardaan01
156,Tim Hardaway*,PG,30,MIA,81,81,3136,575,1384,.415,203,590,.344,372,794,.469,.489,291,364,.799,49,228,277,695,151,9,230,165,1644,hardati01
157,Derek Harper,PG,35,DAL,75,29,2210,299,674,.444,60,176,.341,239,498,.480,.488,95,128,.742,30,107,137,321,92,12,132,144,753,harpede01
158,Ron Harper,PG,33,CHI,76,74,1740,177,406,.436,68,188,.362,109,218,.500,.520,58,82,.707,46,147,193,191,86,38,50,138,480,harpero01
159,Othella Harrington,PF,23,HOU,57,1,860,112,204,.549,0,3,.000,112,201,.557,.549,49,81,.605,75,123,198,18,12,22,57,112,273,harriot01
160,Lucious Harris,SG,26,PHI,54,3,813,112,294,.381,36,99,.364,76,195,.390,.442,33,47,.702,27,44,71,50,41,3,34,45,293,harrilu01
161,Antonio Harvey,PF,26,SEA,6,0,26,5,11,.455,0,0,,5,11,.455,.455,5,6,.833,2,8,10,1,0,4,1,8,15,harvean01
162,Hersey Hawkins,SG,30,SEA,82,82,2755,369,795,.464,143,355,.403,226,440,.514,.554,258,295,.875,92,228,320,250,159,12,130,146,1139,hawkihe01
163,Michael Hawkins,PG,24,BOS,29,0,326,29,68,.426,10,31,.323,19,37,.514,.500,12,15,.800,9,22,31,64,16,1,28,40,80,hawkimi01
164,Shane Heal,PG,26,MIN,43,0,236,26,97,.268,20,65,.308,6,32,.188,.371,3,5,.600,2,16,18,33,3,3,17,20,75,healsh01
165,Alan Henderson,PF,24,ATL,30,0,501,77,162,.475,0,0,,77,162,.475,.475,45,75,.600,47,69,116,23,21,6,29,73,199,hendeal01
166,Mark Hendrickson,PF,22,PHI,29,1,301,32,77,.416,3,12,.250,29,65,.446,.435,18,26,.692,35,57,92,3,10,4,14,32,85,hendrma01
167,Carl Herrera,PF,30,SAS,75,58,1837,257,593,.433,2,6,.333,255,587,.434,.435,81,118,.686,118,222,340,50,62,53,95,217,597,herreca01
168,Grant Hill*,SF,24,DET,80,80,3147,625,1259,.496,10,33,.303,615,1226,.502,.500,450,633,.711,123,598,721,583,144,48,259,186,1710,hillgr01
169,Tyrone Hill,C,28,CLE,74,70,2582,357,595,.600,0,1,.000,357,594,.601,.600,241,381,.633,259,477,736,92,63,30,147,268,955,hillty01
170,Fred Hoiberg,SG,24,IND,47,0,572,67,156,.429,29,70,.414,38,86,.442,.522,61,77,.792,13,68,81,41,27,6,22,51,224,hoibefr01
171,Jeff Hornacek,SG,33,UTA,82,82,2592,413,856,.482,72,195,.369,341,661,.516,.525,293,326,.899,60,181,241,361,124,26,134,188,1191,hornaje01
172,Robert Horry,SF,26,TOT,54,29,1395,157,360,.436,49,154,.318,108,206,.524,.504,60,90,.667,68,169,237,110,66,55,72,153,423,horryro01
172,Robert Horry,SF,26,PHO,32,15,719,82,195,.421,24,78,.308,58,117,.496,.482,32,50,.640,40,79,119,54,28,26,46,81,220,horryro01
172,Robert Horry,SF,26,LAL,22,14,676,75,165,.455,25,76,.329,50,89,.562,.530,28,40,.700,28,90,118,56,38,29,26,72,203,horryro01
173,Allan Houston,SG,25,NYK,81,81,2681,437,1032,.423,148,384,.385,289,648,.446,.495,175,218,.803,43,197,240,179,41,18,167,233,1197,houstal01
174,Juwan Howard,SF,23,WSB,82,82,3324,638,1313,.486,0,2,.000,638,1311,.487,.486,294,389,.756,202,450,652,311,93,23,246,259,1570,howarju01
175,Stephen Howard,SF,26,TOT,49,0,418,62,108,.574,0,0,,62,108,.574,.574,52,81,.642,29,56,85,11,19,12,25,62,176,howarst01
175,Stephen Howard,SF,26,SAS,7,0,69,7,12,.583,0,0,,7,12,.583,.583,12,14,.857,4,5,9,1,8,2,5,7,26,howarst01
175,Stephen Howard,SF,26,UTA,42,0,349,55,96,.573,0,0,,55,96,.573,.573,40,67,.597,25,51,76,10,11,10,20,55,150,howarst01
176,Lindsey Hunter,PG,26,DET,82,76,3023,421,1042,.404,166,468,.355,255,574,.444,.484,158,203,.778,59,174,233,154,129,24,96,206,1166,hunteli01
177,Bobby Hurley,PG,25,SAC,49,12,632,46,125,.368,14,45,.311,32,80,.400,.424,37,53,.698,9,29,38,146,27,3,55,53,143,hurlebo01
178,Allen Iverson*,PG,21,PHI,76,74,3045,625,1504,.416,155,455,.341,470,1049,.448,.467,382,544,.702,115,197,312,567,157,24,337,233,1787,iversal01
179,Jaren Jackson,SG,29,WSB,75,0,1133,134,329,.407,53,158,.335,81,171,.474,.488,53,69,.768,31,101,132,65,45,16,60,131,374,jacksja01
180,Jim Jackson,SG-SF,26,TOT,77,77,2831,444,1029,.431,86,247,.348,358,782,.458,.473,252,310,.813,132,279,411,316,86,32,208,194,1226,jacksji01
180,Jim Jackson,SG,26,DAL,46,46,1676,260,588,.442,46,139,.331,214,449,.477,.481,148,188,.787,81,146,227,156,57,15,107,113,714,jacksji01
180,Jim Jackson,SF,26,NJN,31,31,1155,184,441,.417,40,108,.370,144,333,.432,.463,104,122,.852,51,133,184,160,29,17,101,81,512,jacksji01
181,Mark Jackson,PG,31,TOT,82,82,3054,289,679,.426,66,178,.371,223,501,.445,.474,168,213,.789,91,304,395,935,97,12,274,161,812,jacksma01
181,Mark Jackson,PG,31,DEN,52,52,2001,192,452,.425,48,121,.397,144,331,.435,.478,109,136,.801,71,200,271,641,51,9,172,104,541,jacksma01
181,Mark Jackson,PG,31,IND,30,30,1053,97,227,.427,18,57,.316,79,170,.465,.467,59,77,.766,20,104,124,294,46,3,102,57,271,jacksma01
182,Henry James,PF,31,ATL,53,15,945,125,306,.408,76,181,.420,49,125,.392,.533,30,36,.833,27,54,81,21,11,1,29,98,356,jameshe01
183,Chris Jent,SF,27,NYK,3,0,10,2,6,.333,2,3,.667,0,3,.000,.500,0,0,,1,0,1,1,0,0,0,2,6,jentch01
184,Avery Johnson,PG,31,SAS,76,76,2472,327,685,.477,6,26,.231,321,659,.487,.482,140,203,.690,32,115,147,513,96,15,146,158,800,johnsav01
185,Eddie Johnson,SF,37,TOT,52,2,913,160,362,.442,49,131,.374,111,231,.481,.510,55,68,.809,27,111,138,52,15,2,47,81,424,johnsed03
185,Eddie Johnson,SF,37,IND,28,0,306,59,136,.434,9,28,.321,50,108,.463,.467,20,27,.741,3,37,40,17,5,1,17,33,147,johnsed03
185,Eddie Johnson,SF,37,HOU,24,2,607,101,226,.447,40,103,.388,61,123,.496,.535,35,41,.854,24,74,98,35,10,1,30,48,277,johnsed03
186,Ervin Johnson,C,29,DEN,82,82,2599,243,467,.520,0,2,.000,243,465,.523,.520,96,156,.615,231,682,913,71,65,227,118,288,582,johnser02
187,Kevin Johnson,PG,30,PHO,70,70,2658,441,890,.496,89,202,.441,352,688,.512,.546,439,515,.852,54,199,253,653,102,12,217,141,1410,johnske02
188,Larry Johnson,SF,27,NYK,76,76,2613,376,735,.512,34,105,.324,342,630,.543,.535,190,274,.693,165,228,393,174,64,36,136,249,976,johnsla02
189,Charles Jones,PF,39,HOU,12,0,93,2,5,.400,0,0,,2,5,.400,.400,0,0,,5,8,13,3,2,4,0,8,4,jonesch01
190,Eddie Jones,SG,25,LAL,80,80,2998,473,1081,.438,152,389,.391,321,692,.464,.508,276,337,.819,90,236,326,270,189,49,169,226,1374,jonesed02
191,Popeye Jones,PF,26,TOR,79,61,2421,258,537,.480,1,13,.077,257,524,.490,.481,99,121,.818,270,410,680,84,58,39,116,269,616,jonespo01
192,Michael Jordan*,SG,33,CHI,82,82,3106,920,1892,.486,111,297,.374,809,1595,.507,.516,480,576,.833,113,369,482,352,140,44,166,156,2431,jordami01
193,Reggie Jordan,SG,29,TOT,19,0,130,16,26,.615,0,0,,16,26,.615,.615,8,17,.471,11,16,27,12,7,3,8,15,40,jordare01
193,Reggie Jordan,SG,29,POR,9,0,99,8,16,.500,0,0,,8,16,.500,.500,4,10,.400,11,12,23,11,5,3,6,13,20,jordare01
193,Reggie Jordan,SG,29,MIN,10,0,31,8,10,.800,0,0,,8,10,.800,.800,4,7,.571,0,4,4,1,2,0,2,2,20,jordare01
194,Adam Keefe,C,26,UTA,62,0,915,82,160,.513,0,1,.000,82,159,.516,.513,71,103,.689,75,141,216,32,30,13,45,97,235,keefead01
195,Shawn Kemp,PF,27,SEA,81,75,2750,526,1032,.510,12,33,.364,514,999,.515,.516,452,609,.742,275,532,807,156,125,81,280,320,1516,kempsh01
196,Tim Kempton,PF,33,SAS,10,0,59,1,5,.200,0,0,,1,5,.200,.200,2,2,1.000,3,5,8,2,1,1,7,4,4,kemptti01
197,Steve Kerr,PG,31,CHI,82,0,1861,249,467,.533,110,237,.464,139,230,.604,.651,54,67,.806,29,101,130,175,67,3,43,98,662,kerrst01
198,Jerome Kersey,SF,34,LAL,70,44,1766,194,449,.432,17,65,.262,177,384,.461,.451,71,118,.602,112,251,363,89,119,49,74,219,476,kerseje01
199,Jason Kidd*,PG,23,TOT,55,45,1964,213,529,.403,61,165,.370,152,364,.418,.460,112,165,.679,64,185,249,496,124,20,142,114,599,kiddja01
199,Jason Kidd*,PG,23,DAL,22,22,791,75,203,.369,21,65,.323,54,138,.391,.421,46,69,.667,30,60,90,200,45,8,66,42,217,kiddja01
199,Jason Kidd*,PG,23,PHO,33,23,1173,138,326,.423,40,100,.400,98,226,.434,.485,66,96,.688,34,125,159,296,79,12,76,72,382,kiddja01
200,Frankie King,SG,24,PHI,7,0,59,7,17,.412,1,2,.500,6,15,.400,.441,5,5,1.000,4,10,14,5,4,0,3,7,20,kingfr01
201,Jimmy King,SG,23,DEN,2,0,22,2,6,.333,0,0,,2,6,.333,.333,2,4,.500,2,0,2,2,3,0,1,2,6,kingji02
202,Stacey King,C,30,TOT,11,0,103,11,22,.500,0,0,,11,22,.500,.500,2,7,.286,11,16,27,1,2,1,6,14,24,kingst01
202,Stacey King,C,30,BOS,5,0,33,5,7,.714,0,0,,5,7,.714,.714,2,3,.667,1,8,9,1,0,1,1,3,12,kingst01
202,Stacey King,C,30,DAL,6,0,70,6,15,.400,0,0,,6,15,.400,.400,0,4,.000,10,8,18,0,2,0,5,11,12,kingst01
203,Kerry Kittles,SG,22,NJN,82,57,3012,507,1189,.426,158,419,.377,349,770,.453,.493,175,227,.771,106,213,319,249,157,35,127,165,1347,kittlke01
204,Joe Kleine,C,35,TOT,59,10,848,69,170,.406,2,3,.667,67,167,.401,.412,28,38,.737,62,141,203,35,17,18,41,110,168,kleinjo01
204,Joe Kleine,C,35,PHO,23,10,365,32,80,.400,1,1,1.000,31,79,.392,.406,13,18,.722,21,59,80,12,9,6,20,47,78,kleinjo01
204,Joe Kleine,C,35,LAL,8,0,30,2,8,.250,0,0,,2,8,.250,.250,2,2,1.000,2,7,9,0,0,0,0,6,6,kleinjo01
204,Joe Kleine,C,35,NJN,28,0,453,35,82,.427,1,2,.500,34,80,.425,.433,13,18,.722,39,75,114,23,8,12,21,57,84,kleinjo01
205,Travis Knight,C,22,LAL,71,14,1156,140,275,.509,0,0,,140,275,.509,.509,62,100,.620,130,189,319,39,31,58,49,170,342,knightr01
206,Larry Krystkowiak,PF,32,LAL,3,0,11,1,2,.500,0,0,,1,2,.500,.500,1,2,.500,2,3,5,3,2,0,1,3,3,krystla01
207,Toni Kukoč*,SF,28,CHI,57,15,1610,285,605,.471,50,151,.331,235,454,.518,.512,134,174,.770,94,167,261,256,60,29,91,97,754,kukocto01
208,Christian Laettner,PF,27,ATL,82,82,3140,548,1128,.486,31,88,.352,517,1040,.497,.500,359,440,.816,212,508,720,223,102,64,218,277,1486,laettch01
209,Andrew Lang,C,30,MIL,52,52,1194,115,248,.464,0,0,,115,248,.464,.464,44,61,.721,94,184,278,25,26,47,39,140,274,langan01
210,Antonio Lang,PF,24,CLE,64,1,843,68,162,.420,0,6,.000,68,156,.436,.420,35,48,.729,52,75,127,33,33,30,50,111,171,langan02
211,Priest Lauderdale,C,23,ATL,35,0,180,49,89,.551,0,1,.000,49,88,.557,.551,13,23,.565,16,27,43,12,1,9,37,39,111,laudepr01
212,Eric Leckner,C,30,TOT,20,1,126,14,33,.424,0,0,,14,33,.424,.424,6,12,.500,5,31,36,5,3,2,10,35,34,leckner01
212,Eric Leckner,C,30,CHH,1,0,11,0,3,.000,0,0,,0,3,.000,.000,0,0,,0,1,1,1,0,0,0,3,0,leckner01
212,Eric Leckner,C,30,VAN,19,1,115,14,30,.467,0,0,,14,30,.467,.467,6,12,.500,5,30,35,4,3,2,10,32,34,leckner01
213,Tim Legler,SG,30,WSB,15,0,182,15,48,.313,8,29,.276,7,19,.368,.396,6,7,.857,0,21,21,7,3,5,9,21,44,legleti01
214,Voshon Lenard,SG,23,MIA,73,47,2111,314,684,.459,183,442,.414,131,242,.541,.593,86,105,.819,38,179,217,161,50,18,109,168,897,lenarvo01
215,Martin Lewis,SF,21,TOR,9,0,50,6,14,.429,1,3,.333,5,11,.455,.464,1,2,.500,4,2,6,4,1,2,1,8,14,lewisma01
216,Alton Lister,C,38,BOS,53,2,516,32,77,.416,0,0,,32,77,.416,.416,23,31,.742,66,102,168,13,8,14,30,95,87,listeal01
217,Randy Livingston,PG,21,HOU,64,0,981,100,229,.437,9,22,.409,91,207,.440,.456,42,65,.646,32,62,94,155,39,12,102,107,251,livinra01
218,Horacio Llamas,C,23,PHO,20,2,101,15,28,.536,0,0,,15,28,.536,.536,4,8,.500,4,14,18,4,10,5,11,25,34,llamaho01
219,Brad Lohaus,PF,32,TOR,6,0,45,4,15,.267,2,7,.286,2,8,.250,.333,0,0,,1,6,7,1,1,0,1,6,10,lohaubr01
220,Grant Long,PF,30,DET,65,24,1166,123,275,.447,17,47,.362,106,228,.465,.478,63,84,.750,88,134,222,39,43,6,48,106,326,longgr01
221,John Long,SG,40,TOR,32,0,370,46,117,.393,12,34,.353,34,83,.410,.444,25,28,.893,6,34,40,21,9,2,24,28,129,longjo01
222,Luc Longley,C,28,CHI,59,59,1472,221,485,.456,0,2,.000,221,483,.458,.456,95,120,.792,121,211,332,141,23,66,111,191,537,longllu01
223,George Lynch,SF,26,VAN,41,27,1059,137,291,.471,8,31,.258,129,260,.496,.485,60,97,.619,98,163,261,76,63,17,64,97,342,lynchge01
224,Sam Mack,SF,26,HOU,52,10,904,105,262,.401,47,142,.331,58,120,.483,.490,35,42,.833,20,86,106,58,29,6,42,67,292,macksa01
225,Don MacLean,SF,27,PHI,37,2,733,163,365,.447,12,38,.316,151,327,.462,.463,64,97,.660,41,99,140,37,12,10,47,71,402,macledo01
226,Rick Mahorn,C,38,DET,22,7,218,20,54,.370,0,1,.000,20,53,.377,.370,16,22,.727,19,34,53,6,4,3,10,34,56,mahorri01
227,Dan Majerle,SF,31,MIA,36,26,1264,141,347,.406,68,201,.338,73,146,.500,.504,40,59,.678,45,117,162,116,54,14,50,75,390,majerda01
228,Karl Malone*,PF,33,UTA,82,82,2998,864,1571,.550,0,13,.000,864,1558,.555,.550,521,690,.755,193,616,809,368,113,48,233,217,2249,malonka01
229,Matt Maloney,PG,25,HOU,82,82,2386,271,615,.441,154,381,.404,117,234,.500,.566,71,93,.763,19,141,160,303,82,1,122,125,767,malonma01
230,Danny Manning,PF,30,PHO,77,17,2134,426,795,.536,7,36,.194,419,759,.552,.540,181,251,.721,137,332,469,173,81,74,161,268,1040,mannida01
231,Rich Manning,PF,26,TOT,26,2,201,32,82,.390,2,4,.500,30,78,.385,.402,9,14,.643,16,23,39,3,4,2,7,29,75,manniri01
231,Rich Manning,PF,26,VAN,16,1,128,18,48,.375,2,3,.667,16,45,.356,.396,6,8,.750,8,15,23,2,3,1,5,18,44,manniri01
231,Rich Manning,PF,26,LAC,10,1,73,14,34,.412,0,1,.000,14,33,.424,.412,3,6,.500,8,8,16,1,1,1,2,11,31,manniri01
232,Stephon Marbury,PG,19,MIN,67,64,2324,355,871,.408,102,288,.354,253,583,.434,.466,245,337,.727,54,130,184,522,67,19,210,159,1057,marbust01
233,Šarūnas Marčiulionis*,SG,32,DEN,17,0,255,38,101,.376,11,30,.367,27,71,.380,.431,29,36,.806,12,18,30,25,12,1,40,38,116,marcisa01
234,Donny Marshall,SF,24,CLE,56,0,548,52,160,.325,33,87,.379,19,73,.260,.428,38,54,.704,22,48,70,24,24,3,32,60,175,marshdo02
235,Donyell Marshall,SF,23,GSW,61,20,1022,174,421,.413,35,111,.315,139,310,.448,.455,61,98,.622,92,184,276,54,25,46,55,96,444,marshdo01
236,Cuonzo Martin,SG,25,MIL,3,0,13,0,7,.000,0,2,.000,0,5,.000,.000,0,0,,1,0,1,1,0,0,1,1,0,marticu01
237,Darrick Martin,PG,25,LAC,82,64,1820,292,718,.407,91,234,.389,201,484,.415,.470,218,250,.872,26,87,113,339,57,2,127,165,893,martida01
238,Jamal Mashburn,SF,24,TOT,69,51,2164,286,743,.385,90,277,.325,196,466,.421,.445,160,228,.702,69,225,294,204,78,12,114,186,822,mashbja01
238,Jamal Mashburn,SF,24,DAL,37,21,975,140,376,.372,42,131,.321,98,245,.400,.428,72,111,.649,28,87,115,93,35,5,57,69,394,mashbja01
238,Jamal Mashburn,SF,24,MIA,32,30,1189,146,367,.398,48,146,.329,98,221,.443,.463,88,117,.752,41,138,179,111,43,7,57,117,428,mashbja01
239,Anthony Mason,PF,30,CHH,73,73,3143,433,825,.525,1,3,.333,432,822,.526,.525,319,428,.745,186,643,829,414,76,33,165,202,1186,masonan01
240,Tony Massenburg,PF,29,NJN,79,49,1954,219,452,.485,0,1,.000,219,451,.486,.485,130,206,.631,222,295,517,23,38,50,91,217,568,masseto01
241,Vernon Maxwell,SG,31,SAS,72,31,2068,340,906,.375,115,372,.309,225,534,.421,.439,134,180,.744,27,132,159,153,87,19,121,168,929,maxweve01
242,Lee Mayberry,PG,26,VAN,80,38,1952,149,370,.403,83,221,.376,66,149,.443,.515,29,46,.630,29,105,134,329,60,8,90,159,410,maybele01
243,Walter McCarty,PF,22,NYK,35,0,192,26,68,.382,4,14,.286,22,54,.407,.412,8,14,.571,8,15,23,13,7,9,17,38,64,mccarwa01
244,Amal McCaskill,C,23,ORL,17,1,109,10,32,.313,0,2,.000,10,30,.333,.313,8,12,.667,4,18,22,7,3,5,11,7,28,mccasam01
245,George McCloud,SF,29,TOT,64,28,1493,238,578,.412,99,254,.390,139,324,.429,.497,83,101,.822,36,143,179,109,61,8,61,126,658,mccloge01
245,George McCloud,SF,29,DAL,41,26,1207,204,482,.423,78,205,.380,126,277,.455,.504,77,92,.837,29,114,143,92,52,8,52,106,563,mccloge01
245,George McCloud,SF,29,LAL,23,2,286,34,96,.354,21,49,.429,13,47,.277,.464,6,9,.667,7,29,36,17,9,0,9,20,95,mccloge01
246,Xavier McDaniel,PF,33,NJN,62,5,1170,138,355,.389,5,25,.200,133,330,.403,.396,65,89,.730,124,194,318,65,36,17,70,144,346,mcdanxa01
247,Antonio McDyess,PF,22,DEN,74,73,2565,536,1157,.463,6,35,.171,530,1122,.472,.466,274,387,.708,155,382,537,106,62,126,199,276,1352,mcdyean01
248,Jim McIlvaine,C,24,SEA,82,79,1477,130,276,.471,1,7,.143,129,269,.480,.473,53,107,.495,132,198,330,23,39,164,62,247,314,mcilvji01
249,Jeff McInnis,PG,22,DEN,13,0,117,23,49,.469,12,26,.462,11,23,.478,.592,7,10,.700,2,4,6,18,2,1,13,16,65,mcinnje01
250,Derrick McKey,SF,30,IND,50,49,1449,148,379,.391,15,58,.259,133,321,.414,.410,89,123,.724,80,161,241,135,47,30,83,141,400,mckeyde01
251,Aaron McKie,SG,24,TOT,83,11,1625,150,365,.411,41,103,.398,109,262,.416,.467,92,110,.836,40,181,221,161,77,22,90,130,433,mckieaa01
251,Aaron McKie,SG,24,POR,41,8,775,53,156,.340,23,55,.418,30,101,.297,.413,41,49,.837,13,80,93,84,34,15,48,61,170,mckieaa01
251,Aaron McKie,SG,24,DET,42,3,850,97,209,.464,18,48,.375,79,161,.491,.507,51,61,.836,27,101,128,77,43,7,42,69,263,mckieaa01
252,Nate McMillan,PG,32,SEA,37,2,798,61,149,.409,28,84,.333,33,65,.508,.503,19,29,.655,15,103,118,140,58,6,32,78,169,mcmilna01
253,Loren Meyer,PF,24,TOT,54,33,708,108,244,.443,4,7,.571,104,237,.439,.451,46,64,.719,53,92,145,19,11,15,62,125,266,meyerlo01
253,Loren Meyer,PF,24,DAL,19,16,259,34,78,.436,1,2,.500,33,76,.434,.442,9,12,.750,14,35,49,7,6,3,27,52,78,meyerlo01
253,Loren Meyer,PF,24,PHO,35,17,449,74,166,.446,3,5,.600,71,161,.441,.455,37,52,.712,39,57,96,12,5,12,35,73,188,meyerlo01
254,Anthony Miller,PF,25,ATL,1,0,14,0,5,.000,0,0,,0,5,.000,.000,0,0,,2,5,7,0,0,0,0,2,0,millean01
255,Oliver Miller,C,26,TOT,61,8,1152,123,238,.517,0,2,.000,123,236,.521,.517,48,79,.608,105,201,306,87,47,63,90,181,294,milleol01
255,Oliver Miller,C,26,DAL,42,0,836,76,154,.494,0,1,.000,76,153,.497,.494,28,53,.528,82,151,233,58,34,50,70,133,180,milleol01
255,Oliver Miller,C,26,TOR,19,8,316,47,84,.560,0,1,.000,47,83,.566,.560,20,26,.769,23,50,73,29,13,13,20,48,114,milleol01
256,Reggie Miller*,SG,31,IND,81,81,2966,552,1244,.444,229,536,.427,323,708,.456,.536,418,475,.880,53,233,286,273,75,25,166,172,1751,millere01
257,Chris Mills,SF,27,CLE,80,79,3167,405,894,.453,86,220,.391,319,674,.473,.501,176,209,.842,118,379,497,198,86,41,120,222,1072,millsch01
258,Terry Mills,PF,29,DET,79,5,1997,312,702,.444,175,415,.422,137,287,.477,.569,58,70,.829,68,309,377,99,35,27,85,161,857,millste01
259,Greg Minor,SF,25,BOS,23,15,547,94,196,.480,1,8,.125,93,188,.495,.482,31,36,.861,30,50,80,34,15,2,22,45,220,minorgr01
260,Sam Mitchell,SF,33,MIN,82,5,2044,269,603,.446,4,25,.160,265,578,.458,.449,224,295,.759,112,214,326,79,51,20,93,232,766,mitchsa01
261,Eric Mobley,C,26,VAN,28,8,307,28,63,.444,0,0,,28,63,.444,.444,16,30,.533,30,28,58,14,5,10,29,44,72,mobleer01
262,Eric Montross,C,25,TOT,78,77,1828,159,349,.456,0,0,,159,349,.456,.456,21,62,.339,181,337,518,61,20,73,77,268,339,montrer01
262,Eric Montross,C,25,DAL,47,46,984,86,187,.460,0,0,,86,187,.460,.460,10,34,.294,66,170,236,32,9,34,51,150,182,montrer01
262,Eric Montross,C,25,NJN,31,31,844,73,162,.451,0,0,,73,162,.451,.451,11,28,.393,115,167,282,29,11,39,26,118,157,montrer01
263,Tracy Moore,SG,31,HOU,27,1,237,33,85,.388,11,43,.256,22,42,.524,.453,22,31,.710,11,15,26,20,5,0,14,19,99,mooretr01
264,Chris Morris,SF,31,UTA,73,1,977,122,299,.408,31,113,.274,91,186,.489,.460,39,54,.722,37,125,162,43,29,24,45,121,314,morrich01
265,Lawrence Moten,SG,24,VAN,67,18,1214,171,441,.388,41,141,.291,130,300,.433,.434,64,99,.646,43,76,119,129,48,24,81,83,447,motenla01
266,Alonzo Mourning*,C,26,MIA,66,65,2320,473,885,.534,1,9,.111,472,876,.539,.535,363,565,.642,189,467,656,104,56,189,226,272,1310,mournal01
267,Chris Mullin*,SF,33,GSW,79,63,2733,438,792,.553,83,202,.411,355,590,.602,.605,184,213,.864,75,242,317,322,130,33,192,155,1143,mullich01
268,Eric Murdock,PG,28,DEN,12,0,114,15,33,.455,4,10,.400,11,23,.478,.515,11,12,.917,1,10,11,24,9,2,11,9,45,murdoer01
269,Gheorghe Mureșan,C,25,WSB,73,69,1849,327,541,.604,0,0,,327,541,.604,.604,123,199,.618,141,340,481,29,43,96,117,230,777,muresgh01
270,Lamond Murray,SF,23,LAC,74,1,1295,181,435,.416,31,91,.341,150,344,.436,.452,156,211,.739,85,148,233,57,53,29,86,113,549,murrala01
271,Tracy Murray,SF,25,WSB,82,1,1814,288,678,.425,106,300,.353,182,378,.481,.503,135,161,.839,84,169,253,78,69,19,86,150,817,murratr01
272,Dikembe Mutombo*,C,30,ATL,80,80,2973,380,721,.527,0,0,,380,721,.527,.527,306,434,.705,268,661,929,110,49,264,186,249,1066,mutomdi01
273,Martin Müürsepp,PF,22,TOT,42,0,348,54,131,.412,4,24,.167,50,107,.467,.427,44,70,.629,35,32,67,20,12,11,18,58,156,muursma01
273,Martin Müürsepp,PF,22,MIA,10,0,27,5,14,.357,1,4,.250,4,10,.400,.393,6,14,.429,2,3,5,3,0,1,3,3,17,muursma01
273,Martin Müürsepp,PF,22,DAL,32,0,321,49,117,.419,3,20,.150,46,97,.474,.432,38,56,.679,33,29,62,17,12,10,15,55,139,muursma01
274,Steve Nash*,PG,22,PHO,65,2,684,74,175,.423,23,55,.418,51,120,.425,.489,42,51,.824,16,47,63,138,20,0,63,92,213,nashst01
275,Ruben Nembhard,SG-PG,24,TOT,10,0,113,16,37,.432,0,6,.000,16,31,.516,.432,8,10,.800,3,5,8,17,9,0,8,12,40,nembhru01
275,Ruben Nembhard,SG,24,UTA,8,0,94,12,29,.414,0,4,.000,12,25,.480,.414,8,10,.800,3,5,8,12,6,0,3,9,32,nembhru01
275,Ruben Nembhard,PG,24,POR,2,0,19,4,8,.500,0,2,.000,4,6,.667,.500,0,0,,0,0,0,5,3,0,5,3,8,nembhru01
276,Ivano Newbill,PF,26,ATL,72,2,850,40,91,.440,0,0,,40,91,.440,.440,20,52,.385,76,128,204,24,28,15,42,115,100,newbiiv01
277,Johnny Newman,SF,33,MIL,82,4,2060,246,547,.450,34,98,.347,212,449,.472,.481,189,247,.765,66,120,186,116,73,17,115,257,715,newmajo01
278,Gaylon Nickerson,SG,27,TOT,4,0,42,4,12,.333,0,2,.000,4,10,.400,.333,7,7,1.000,1,4,5,1,1,1,1,1,15,nickega01
278,Gaylon Nickerson,SG,27,SAS,3,0,36,3,9,.333,0,1,.000,3,8,.375,.333,7,7,1.000,1,3,4,1,0,1,0,1,13,nickega01
278,Gaylon Nickerson,SG,27,WSB,1,0,6,1,3,.333,0,1,.000,1,2,.500,.333,0,0,,0,1,1,0,1,0,1,0,2,nickega01
279,Ken Norman,SF,32,ATL,17,0,220,27,94,.287,6,38,.158,21,56,.375,.319,4,12,.333,8,31,39,12,7,3,18,17,64,normake01
280,Moochie Norris,PG,23,VAN,8,0,89,4,22,.182,2,10,.200,2,12,.167,.227,2,5,.400,3,9,12,23,4,0,5,5,12,norrimo01
281,Ed O'Bannon,SF,24,TOT,64,5,809,93,279,.333,18,70,.257,75,209,.359,.366,31,35,.886,50,98,148,39,29,12,20,97,235,obanned01
281,Ed O'Bannon,SF,24,NJN,45,5,634,76,207,.367,17,60,.283,59,147,.401,.408,20,23,.870,41,71,112,28,24,10,14,78,189,obanned01
281,Ed O'Bannon,SF,24,DAL,19,0,175,17,72,.236,1,10,.100,16,62,.258,.243,11,12,.917,9,27,36,11,5,2,6,19,46,obanned01
282,Jermaine O'Neal,PF,18,POR,45,0,458,69,153,.451,0,1,.000,69,152,.454,.451,47,78,.603,39,85,124,8,2,26,27,46,185,onealje01
283,Shaquille O'Neal*,C,24,LAL,51,51,1941,552,991,.557,0,4,.000,552,987,.559,.557,232,479,.484,195,445,640,159,46,147,146,180,1336,onealsh01
284,Charles Oakley,PF,33,NYK,80,80,2873,339,694,.488,5,19,.263,334,675,.495,.492,181,224,.808,246,535,781,221,111,21,171,305,864,oaklech01
285,Hakeem Olajuwon*,C,34,HOU,78,78,2852,727,1426,.510,5,16,.313,722,1410,.512,.512,351,446,.787,173,543,716,236,117,173,281,249,1810,olajuha01
286,Jimmy Oliver,SG,27,TOR,4,0,43,4,13,.308,1,6,.167,3,7,.429,.346,2,2,1.000,1,4,5,1,2,0,3,2,11,oliveji01
287,Greg Ostertag,C,23,UTA,77,70,1818,210,408,.515,0,4,.000,210,404,.520,.515,139,205,.678,180,385,565,27,24,152,74,233,559,ostergr01
288,Bo Outlaw,PF,25,LAC,82,25,2195,254,417,.609,0,8,.000,254,409,.621,.609,117,232,.504,174,280,454,157,94,142,107,227,625,outlabo01
289,Doug Overton,PG,27,PHI,61,4,634,81,190,.426,10,40,.250,71,150,.473,.453,45,48,.938,18,50,68,101,24,0,39,44,217,overtdo01
290,Billy Owens,SF,27,SAC,66,56,1995,299,640,.467,25,72,.347,274,568,.482,.487,101,145,.697,134,258,392,187,62,25,133,187,724,owensbi01
291,Ray Owes,PF,24,GSW,57,1,592,75,180,.417,1,5,.200,74,175,.423,.419,26,46,.565,64,99,163,15,15,20,23,86,177,owesra01
292,Robert Pack,PG,27,TOT,54,42,1782,272,693,.392,31,112,.277,241,581,.415,.415,196,243,.807,28,118,146,452,94,6,217,139,771,packro01
292,Robert Pack,PG,27,NJN,34,31,1185,193,474,.407,22,74,.297,171,400,.428,.430,134,170,.788,15,71,86,325,59,3,150,83,542,packro01
292,Robert Pack,PG,27,DAL,20,11,597,79,219,.361,9,38,.237,70,181,.387,.381,62,73,.849,13,47,60,127,35,3,67,56,229,packro01
293,Robert Parish*,C,43,CHI,43,3,406,70,143,.490,0,0,,70,143,.490,.490,21,31,.677,42,47,89,22,6,19,28,40,161,parisro01
294,Cherokee Parks,PF,24,MIN,76,0,961,103,202,.510,0,1,.000,103,201,.512,.510,46,76,.605,83,112,195,34,41,48,32,150,252,parksch02
295,Gary Payton*,PG,28,SEA,82,82,3213,706,1482,.476,119,380,.313,587,1102,.533,.517,254,355,.715,106,272,378,583,197,13,215,208,1785,paytoga01
296,Anthony Peeler,SG,27,VAN,72,57,2291,402,1011,.398,128,343,.373,274,668,.410,.461,109,133,.820,54,193,247,256,105,17,157,168,1041,peelean01
297,Will Perdue,C,31,SAS,65,34,1918,233,410,.568,0,0,,233,410,.568,.568,99,171,.579,251,387,638,38,32,102,87,184,565,perduwi01
298,Sam Perkins,C,35,SEA,81,4,1976,290,661,.439,122,309,.395,168,352,.477,.531,187,229,.817,74,226,300,103,69,49,77,134,889,perkisa01
299,Elliot Perry,PG,27,MIL,82,3,1595,217,458,.474,49,137,.358,168,321,.523,.527,79,106,.745,24,100,124,247,98,3,111,117,562,perryel01
300,Wesley Person,SG,25,PHO,80,42,2326,409,903,.453,171,414,.413,238,489,.487,.548,91,114,.798,68,224,292,123,86,20,76,102,1080,persowe01
301,Bobby Phills,SG,27,CLE,69,65,2375,328,766,.428,85,216,.394,243,550,.442,.484,125,174,.718,63,182,245,233,113,21,135,174,866,phillbo01
302,Eric Piatkowski,SG,26,LAC,65,0,747,134,298,.450,51,120,.425,83,178,.466,.535,69,84,.821,49,56,105,52,33,10,46,85,388,piatker01
303,Ricky Pierce,SG,37,TOT,60,27,1250,239,497,.481,42,95,.442,197,402,.490,.523,139,155,.897,36,85,121,80,28,9,68,97,659,piercri01
303,Ricky Pierce,SG,37,DEN,33,10,600,120,260,.462,12,39,.308,108,221,.489,.485,83,92,.902,17,36,53,31,14,5,38,49,335,piercri01
303,Ricky Pierce,SG,37,CHH,27,17,650,119,237,.502,30,56,.536,89,181,.492,.565,56,63,.889,19,49,68,49,14,4,30,48,324,piercri01
304,Ed Pinckney,PF,33,MIA,27,0,273,23,43,.535,0,0,,23,43,.535,.535,20,25,.800,25,40,65,6,8,9,19,30,66,pincked01
305,Scottie Pippen*,SF,31,CHI,82,82,3095,648,1366,.474,156,424,.368,492,942,.522,.531,204,291,.701,160,371,531,467,154,45,214,213,1656,pippesc01
306,Olden Polynice,C,32,SAC,82,82,2893,442,967,.457,0,6,.000,442,961,.460,.457,141,251,.562,272,500,772,178,46,80,166,298,1025,polynol01
307,Terry Porter,PG,33,MIN,82,20,1568,187,449,.416,67,200,.335,120,249,.482,.491,127,166,.765,31,145,176,295,54,11,128,104,568,portete01
308,Vitaly Potapenko,C,21,CLE,80,3,1238,186,423,.440,1,2,.500,185,421,.439,.441,92,125,.736,105,112,217,40,26,34,109,216,465,potapvi01
309,Brent Price,PG,28,HOU,25,0,390,44,105,.419,17,53,.321,27,52,.519,.500,21,21,1.000,10,19,29,65,17,0,32,34,126,pricebr01
310,Mark Price,PG,32,GSW,70,49,1876,263,589,.447,112,283,.396,151,306,.493,.542,155,171,.906,36,143,179,342,67,3,161,100,793,pricema01
311,Theo Ratliff,C,23,DET,76,38,1292,179,337,.531,0,0,,179,337,.531,.531,81,116,.698,109,147,256,13,29,111,56,181,439,ratlith01
312,Dino Radja*,C,29,BOS,25,25,874,149,339,.440,0,1,.000,149,338,.441,.440,51,71,.718,44,167,211,48,23,48,70,76,349,radjadi01
313,Eldridge Recasner,SG,29,ATL,71,4,1207,148,350,.423,58,140,.414,90,210,.429,.506,51,58,.879,35,80,115,94,38,4,65,97,405,recasel01
314,Bryant Reeves,C,23,VAN,75,75,2777,498,1025,.486,1,11,.091,497,1014,.490,.486,216,307,.704,174,436,610,160,29,67,175,270,1213,reevebr01
315,Khalid Reeves,PG,24,TOT,63,30,1432,184,470,.391,83,227,.366,101,243,.416,.480,65,87,.747,34,85,119,226,34,9,108,159,516,reevekh01
315,Khalid Reeves,PG,24,NJN,50,18,1048,141,359,.393,76,192,.396,65,167,.389,.499,56,75,.747,22,66,88,170,23,7,82,119,414,reevekh01
315,Khalid Reeves,PG,24,DAL,13,12,384,43,111,.387,7,35,.200,36,76,.474,.419,9,12,.750,12,19,31,56,11,2,26,40,102,reevekh01
316,Don Reid,PF,23,DET,47,14,462,54,112,.482,0,1,.000,54,111,.486,.482,24,32,.750,36,65,101,14,16,15,23,105,132,reiddo01
317,Shawn Respert,SG,24,TOT,41,0,495,59,139,.424,20,57,.351,39,82,.476,.496,34,39,.872,14,25,39,40,20,2,30,40,172,respesh01
317,Shawn Respert,SG,24,MIL,14,0,83,6,19,.316,1,9,.111,5,10,.500,.342,7,7,1.000,3,4,7,8,0,0,8,5,20,respesh01
317,Shawn Respert,SG,24,TOR,27,0,412,53,120,.442,19,48,.396,34,72,.472,.521,27,32,.844,11,21,32,32,20,2,22,35,152,respesh01
318,Glen Rice,SF,29,CHH,79,78,3362,722,1513,.477,207,440,.470,515,1073,.480,.546,464,535,.867,67,251,318,160,72,26,177,190,2115,ricegl01
319,Pooh Richardson,PG,30,LAC,59,18,1065,131,344,.381,42,128,.328,89,216,.412,.442,26,43,.605,25,73,98,169,54,5,62,82,330,richapo01
320,Mitch Richmond*,SG,31,SAC,81,81,3125,717,1578,.454,204,477,.428,513,1101,.466,.519,457,531,.861,59,260,319,338,118,24,237,211,2095,richmmi01
321,Isaiah Rider,SG,25,POR,76,68,2563,456,983,.464,99,257,.385,357,726,.492,.514,212,261,.812,94,210,304,198,45,19,212,199,1223,rideris01
322,Fred Roberts,PF,36,DAL,12,0,40,6,15,.400,0,0,,6,15,.400,.400,10,14,.714,2,8,10,0,0,1,5,2,22,roberfr01
323,Stanley Roberts,C,26,LAC,18,2,378,63,148,.426,0,0,,63,148,.426,.426,45,64,.703,24,67,91,9,8,23,23,57,171,roberst01
324,Chris Robinson,SG,22,VAN,41,6,681,69,182,.379,34,89,.382,35,93,.376,.473,16,26,.615,23,48,71,65,28,9,34,85,188,robinch01
325,Clifford Robinson,SF,30,POR,81,79,3077,444,1043,.426,121,350,.346,323,693,.466,.484,215,309,.696,90,231,321,261,99,66,172,251,1224,robincl02
326,David Robinson*,C,31,SAS,6,6,147,36,72,.500,0,0,,36,72,.500,.500,34,52,.654,19,32,51,8,6,6,8,9,106,robinda01
327,Glenn Robinson,SF,24,MIL,80,79,3114,669,1438,.465,63,180,.350,606,1258,.482,.487,288,364,.791,130,372,502,248,103,68,269,225,1689,robingl01
328,James Robinson,PG,26,MIN,69,5,1309,196,482,.407,102,267,.382,94,215,.437,.512,78,114,.684,24,88,112,126,30,8,69,125,572,robinja02
329,Rumeal Robinson,PG,30,TOT,54,3,508,66,164,.402,18,56,.321,48,108,.444,.457,26,35,.743,6,41,47,73,24,2,43,60,176,robinru01
329,Rumeal Robinson,PG,30,LAL,15,3,126,17,48,.354,6,23,.261,11,25,.440,.417,5,8,.625,2,8,10,13,5,2,11,12,45,robinru01
329,Rumeal Robinson,PG,30,PHO,12,0,87,16,34,.471,3,10,.300,13,24,.542,.515,1,4,.250,1,6,7,8,1,0,5,8,36,robinru01
329,Rumeal Robinson,PG,30,POR,27,0,295,33,82,.402,9,23,.391,24,59,.407,.457,20,23,.870,3,27,30,52,18,0,27,40,95,robinru01
330,Dennis Rodman*,PF,35,CHI,55,54,1947,128,286,.448,5,19,.263,123,267,.461,.456,50,88,.568,320,563,883,170,32,19,111,172,311,rodmade01
331,Lou Roe,SF,24,GSW,17,0,107,14,48,.292,3,11,.273,11,37,.297,.323,9,19,.474,7,7,14,6,3,1,11,10,40,roelo01
332,Carlos Rogers,PF,25,TOR,56,3,1397,212,404,.525,25,66,.379,187,338,.553,.556,102,170,.600,120,184,304,37,42,69,53,140,551,rogerca01
333,Rodney Rogers,SF,25,LAC,81,62,2480,408,884,.462,65,180,.361,343,704,.487,.498,191,288,.663,137,274,411,222,88,61,221,272,1072,rogerro01
334,Roy Rogers,PF,23,VAN,82,50,1848,244,483,.505,1,1,1.000,243,482,.504,.506,54,94,.574,139,247,386,46,21,163,86,214,543,rogerro02
335,Sean Rooks,C,27,LAL,69,3,735,87,185,.470,0,1,.000,87,184,.473,.470,91,130,.700,56,107,163,42,17,38,51,123,265,rooksse01
336,Jalen Rose,SF,24,IND,66,6,1188,172,377,.456,21,72,.292,151,305,.495,.484,117,156,.750,27,94,121,155,57,18,107,136,482,roseja01
337,Malik Rose,PF,22,CHH,54,1,525,61,128,.477,0,2,.000,61,126,.484,.477,38,62,.613,70,94,164,32,28,17,41,114,160,rosema01
338,Donald Royal,SF,30,TOT,62,4,858,62,146,.425,0,2,.000,62,144,.431,.425,94,117,.803,52,102,154,25,23,11,47,100,218,royaldo01
338,Donald Royal,SF,30,ORL,1,1,29,4,10,.400,0,0,,4,10,.400,.400,4,4,1.000,1,0,1,1,0,0,3,3,12,royaldo01
338,Donald Royal,SF,30,GSW,36,1,509,37,96,.385,0,2,.000,37,94,.394,.385,62,78,.795,33,62,95,14,11,9,22,55,136,royaldo01
338,Donald Royal,SF,30,CHH,25,2,320,21,40,.525,0,0,,21,40,.525,.525,28,35,.800,18,40,58,10,12,2,22,42,70,royaldo01
339,Clifford Rozier,C,24,TOT,42,29,737,79,174,.454,0,2,.000,79,172,.459,.454,31,61,.508,102,132,234,31,24,44,29,97,189,roziecl01
339,Clifford Rozier,C,24,GSW,1,0,5,0,1,.000,0,0,,0,1,.000,.000,0,0,,0,0,0,0,0,0,0,0,0,roziecl01
339,Clifford Rozier,C,24,TOR,41,29,732,79,173,.457,0,2,.000,79,171,.462,.457,31,61,.508,102,132,234,31,24,44,29,97,189,roziecl01
340,Bryon Russell,SF,26,UTA,81,81,2525,297,620,.479,108,264,.409,189,356,.531,.566,171,244,.701,79,252,331,123,129,27,94,237,873,russebr01
341,Arvydas Sabonis*,C,32,POR,69,68,1762,328,658,.498,49,132,.371,279,526,.530,.536,223,287,.777,114,433,547,146,63,84,151,203,928,sabonar01
342,Kevin Salvadori,C,26,SAC,23,0,154,12,33,.364,0,0,,12,33,.364,.364,13,18,.722,6,19,25,10,2,13,12,17,37,salvake01
343,Jason Sasser,SF,23,TOT,8,0,69,9,23,.391,1,3,.333,8,20,.400,.413,0,0,,1,7,8,2,3,0,2,11,19,sasseja01
343,Jason Sasser,SF,23,SAS,6,0,62,8,19,.421,1,2,.500,7,17,.412,.447,0,0,,0,7,7,1,2,0,2,11,17,sasseja01
343,Jason Sasser,SF,23,DAL,2,0,7,1,4,.250,0,1,.000,1,3,.333,.250,0,0,,1,0,1,1,1,0,0,0,2,sasseja01
344,Danny Schayes,PF,37,ORL,45,6,540,47,120,.392,0,1,.000,47,119,.395,.392,39,52,.750,41,84,125,14,15,16,27,74,133,schayda01
345,Steve Scheffler,C,29,SEA,7,0,29,6,7,.857,0,0,,6,7,.857,.857,1,2,.500,1,2,3,0,0,0,5,5,13,schefst01
346,Dwayne Schintzius,C,28,LAC,15,0,116,13,36,.361,1,2,.500,12,34,.353,.375,7,8,.875,9,13,22,4,1,9,7,22,34,schindw01
347,Detlef Schrempf,SF,34,SEA,61,60,2192,356,724,.492,57,161,.354,299,563,.531,.531,253,316,.801,87,307,394,266,63,16,150,151,1022,schrede01
348,Brent Scott,PF,25,IND,16,0,55,8,17,.471,0,0,,8,17,.471,.471,3,6,.500,3,6,9,3,1,1,4,14,19,scottbr01
349,Byron Scott,SG,35,LAL,79,8,1440,163,379,.430,73,188,.388,90,191,.471,.526,127,151,.841,21,97,118,99,46,16,53,72,526,scottby01
350,Dennis Scott,SF,28,ORL,66,62,2166,298,749,.398,147,373,.394,151,376,.402,.496,80,101,.792,40,163,203,139,74,19,81,138,823,scottde01
351,James Scott,SF,24,MIA,8,0,32,0,8,.000,0,4,.000,0,4,.000,.000,1,2,.500,1,5,6,3,2,0,2,5,1,scottja01
352,Shawnelle Scott,C,24,CLE,16,0,50,8,16,.500,0,0,,8,16,.500,.500,4,11,.364,8,8,16,0,0,3,0,6,20,scottsh01
353,Malik Sealy,SG,26,LAC,80,79,2456,373,942,.396,79,222,.356,294,720,.408,.438,254,290,.876,59,179,238,165,124,45,154,185,1079,sealyma01
354,Rony Seikaly,C,31,ORL,74,68,2615,460,907,.507,0,3,.000,460,904,.509,.507,357,500,.714,274,427,701,92,49,107,218,275,1277,seikaro01
355,Brian Shaw,PG,30,ORL,77,31,1867,189,516,.366,63,194,.325,126,322,.391,.427,111,140,.793,47,147,194,319,67,26,170,197,552,shawbr01
356,Lionel Simmons,SF,28,SAC,41,0,521,45,136,.331,7,30,.233,38,106,.358,.357,42,48,.875,30,74,104,57,8,13,34,63,139,simmoli01
357,Dickey Simpkins,PF,24,CHI,48,0,395,31,93,.333,1,4,.250,30,89,.337,.339,28,40,.700,36,56,92,31,5,5,35,44,91,simpkdi01
358,Reggie Slater,PF,26,TOR,26,0,406,82,149,.550,0,2,.000,82,147,.558,.550,39,75,.520,40,55,95,21,9,6,29,34,203,slatere01
359,Charles Smith,PF,31,SAS,19,7,329,34,84,.405,0,1,.000,34,83,.410,.405,20,26,.769,18,47,65,14,13,22,22,44,88,smithch01
360,Joe Smith,PF,21,GSW,80,80,3086,587,1293,.454,12,46,.261,575,1247,.461,.459,307,377,.814,261,418,679,125,74,86,192,244,1493,smithjo02
361,Kenny Smith,PG,31,TOT,48,3,765,101,239,.423,59,135,.437,42,104,.404,.546,39,45,.867,4,40,44,116,19,0,71,30,300,smithke01
361,Kenny Smith,PG,31,DET,9,0,64,8,20,.400,5,10,.500,3,10,.300,.525,2,2,1.000,0,5,5,10,1,0,3,2,23,smithke01
361,Kenny Smith,PG,31,ORL,6,0,47,6,13,.462,3,5,.600,3,8,.375,.577,2,2,1.000,1,1,2,4,0,0,6,3,17,smithke01
361,Kenny Smith,PG,31,DEN,33,3,654,87,206,.422,51,120,.425,36,86,.419,.546,35,41,.854,3,34,37,102,18,0,62,25,260,smithke01
362,Michael Smith,PF,24,SAC,81,52,2526,202,375,.539,0,0,,202,375,.539,.539,128,258,.496,257,512,769,191,82,60,130,251,532,smithmi02
363,Steve Smith,SG,27,ATL,72,72,2818,491,1145,.429,130,388,.335,361,757,.477,.486,333,393,.847,90,148,238,305,62,23,176,173,1445,smithst01
364,Stevin Smith,SG,25,DAL,8,0,60,6,18,.333,1,6,.167,5,12,.417,.361,1,1,1.000,2,8,10,4,1,0,4,9,14,smithst02
365,Tony Smith,PG,28,CHH,69,39,1291,138,337,.409,32,99,.323,106,238,.445,.457,38,59,.644,38,56,94,150,48,19,73,110,346,smithto02
366,Rik Smits,C,30,IND,52,52,1518,356,733,.486,2,8,.250,354,725,.488,.487,173,217,.797,105,256,361,67,22,59,126,175,887,smitsri01
367,Eric Snow,PG,23,SEA,67,0,775,74,164,.451,4,15,.267,70,149,.470,.463,47,66,.712,17,53,70,159,37,3,48,94,199,snower01
368,Elmore Spencer,C,27,SEA,1,0,5,0,1,.000,0,0,,0,1,.000,.000,0,0,,0,0,0,0,1,0,1,0,0,spencel01
369,Felton Spencer,C,29,TOT,73,65,1558,139,284,.489,0,0,,139,284,.489,.489,94,161,.584,157,259,416,22,34,50,88,275,372,spencfe01
369,Felton Spencer,C,29,ORL,1,1,19,2,2,1.000,0,0,,2,2,1.000,1.000,0,0,,5,1,6,1,0,0,1,2,4,spencfe01
369,Felton Spencer,C,29,GSW,72,64,1539,137,282,.486,0,0,,137,282,.486,.486,94,161,.584,152,258,410,21,34,50,87,273,368,spencfe01
370,Latrell Sprewell,SG,26,GSW,80,79,3353,649,1444,.449,147,415,.354,502,1029,.488,.500,493,585,.843,58,308,366,507,132,45,322,153,1938,sprewla01
371,Jerry Stackhouse,SG,22,PHI,81,81,3166,533,1308,.407,102,342,.298,431,966,.446,.446,511,667,.766,156,182,338,253,93,63,316,219,1679,stackje01
372,John Starks,SG,31,NYK,77,1,2042,369,856,.431,150,407,.369,219,449,.488,.519,173,225,.769,36,169,205,217,90,11,158,196,1061,starkjo01
373,Matt Steigenga,SF,26,CHI,2,0,12,1,4,.250,0,2,.000,1,2,.500,.250,1,2,.500,0,3,3,2,1,1,2,1,3,steigma01
374,Joe Stephens,PF,24,HOU,2,0,9,1,5,.200,1,3,.333,0,2,.000,.300,0,0,,2,1,3,0,3,0,3,3,3,stephjo01
375,Larry Stewart,SF,28,SEA,70,21,982,112,252,.444,9,37,.243,103,215,.479,.462,67,93,.720,75,96,171,52,31,23,63,108,300,stewala01
376,Bryant Stith,SG,26,DEN,52,52,1788,251,603,.416,70,182,.385,181,421,.430,.474,202,234,.863,74,143,217,133,60,20,101,119,774,stithbr01
377,John Stockton*,PG,34,UTA,82,82,2896,416,759,.548,76,180,.422,340,579,.587,.598,275,325,.846,45,183,228,860,166,15,248,194,1183,stockjo01
378,Damon Stoudamire,PG,23,TOR,81,81,3311,564,1407,.401,176,496,.355,388,911,.426,.463,330,401,.823,86,244,330,709,123,13,288,162,1634,stoudda01
379,Erick Strickland,SG,23,DAL,28,15,759,102,256,.398,28,92,.304,74,164,.451,.453,65,80,.813,21,69,90,68,27,5,66,75,297,stricer01
380,Mark Strickland,PF,26,MIA,31,0,153,25,60,.417,0,1,.000,25,59,.424,.417,12,21,.571,16,21,37,1,4,10,15,17,62,stricma01
381,Rod Strickland,PG,30,WSB,82,81,2997,515,1105,.466,13,77,.169,502,1028,.488,.472,367,497,.738,95,240,335,727,143,14,270,166,1410,stricro02
382,Derek Strong,PF,28,ORL,82,21,2004,262,586,.447,0,13,.000,262,573,.457,.447,175,218,.803,174,345,519,73,47,20,102,196,699,stronde01
383,Bob Sura,SG,23,CLE,82,23,2269,253,587,.431,53,164,.323,200,423,.473,.476,196,319,.614,76,232,308,390,90,33,181,218,755,surabo01
384,Brett Szabo,C,28,BOS,70,24,662,54,121,.446,0,1,.000,54,120,.450,.446,45,61,.738,56,109,165,17,16,32,41,119,153,szabobr01
385,Žan Tabak,C,26,TOR,13,4,218,32,71,.451,0,0,,32,71,.451,.451,20,29,.690,20,29,49,14,6,11,21,35,84,tabakza01
386,Carl Thomas,SG,27,CLE,19,0,77,9,24,.375,2,12,.167,7,12,.583,.417,1,1,1.000,3,10,13,8,2,1,6,7,21,thomaca01
387,Kurt Thomas,PF,24,MIA,18,9,374,39,105,.371,0,1,.000,39,104,.375,.371,35,46,.761,31,76,107,9,12,9,25,67,113,thomaku01
388,Brooks Thompson,PG,26,TOT,67,6,1055,162,406,.399,97,244,.398,65,162,.401,.518,24,38,.632,18,78,96,180,55,2,87,126,445,thompbr01
388,Brooks Thompson,PG,26,UTA,2,0,8,0,1,.000,0,0,,0,1,.000,.000,0,0,,0,0,0,1,0,0,1,1,0,thompbr01
388,Brooks Thompson,PG,26,DEN,65,6,1047,162,405,.400,97,244,.398,65,161,.404,.520,24,38,.632,18,78,96,179,55,2,86,125,445,thompbr01
389,LaSalle Thompson,C,35,TOT,26,0,140,3,19,.158,0,0,,3,19,.158,.158,4,6,.667,7,27,34,2,3,6,9,33,10,thompla01
389,LaSalle Thompson,C,35,DEN,17,0,105,3,16,.188,0,0,,3,16,.188,.188,1,2,.500,5,21,26,0,3,6,7,26,7,thompla01
389,LaSalle Thompson,C,35,IND,9,0,35,0,3,.000,0,0,,0,3,.000,.000,3,4,.750,2,6,8,2,0,0,2,7,3,thompla01
390,Otis Thorpe,C,34,DET,79,79,2661,419,787,.532,0,2,.000,419,785,.534,.532,198,303,.653,226,396,622,133,59,17,145,298,1036,thorpot01
391,Sedale Threatt,SG,35,HOU,21,0,334,28,74,.378,8,20,.400,20,54,.370,.432,6,8,.750,5,19,24,40,15,3,13,29,70,threase01
392,Wayman Tisdale,PF,32,PHO,53,15,778,158,371,.426,0,0,,158,371,.426,.426,30,48,.625,35,85,120,20,8,21,36,111,346,tisdawa01
393,Keith Tower,C,26,MIL,5,1,72,3,8,.375,0,0,,3,8,.375,.375,1,8,.125,2,7,9,1,2,1,2,12,7,towerke01
394,Gary Trent,PF,22,POR,82,28,1918,361,674,.536,0,11,.000,361,663,.544,.536,160,229,.699,156,272,428,87,48,35,129,186,882,trentga01
395,Nick Van Exel,PG,25,LAL,79,79,2937,432,1075,.402,177,468,.378,255,607,.420,.484,165,200,.825,44,182,226,672,75,10,212,110,1206,vanexni01
396,David Vaughn,PF,23,ORL,35,6,298,31,72,.431,0,0,,31,72,.431,.431,19,30,.633,35,60,95,7,8,15,29,43,81,vaughda02
397,Loy Vaught,PF,28,LAC,82,82,2838,542,1084,.500,2,12,.167,540,1072,.504,.501,134,191,.702,222,595,817,110,85,25,137,241,1220,vaughlo01
398,Stojko Vranković,C,33,MIN,53,35,766,78,139,.561,0,0,,78,139,.561,.561,25,37,.676,57,111,168,14,10,67,52,121,181,vrankst01
399,Antoine Walker,PF,20,BOS,82,68,2970,576,1354,.425,52,159,.327,524,1195,.438,.445,231,366,.631,288,453,741,262,105,53,230,271,1435,walkean02
400,Samaki Walker,PF,20,DAL,43,12,602,83,187,.444,0,1,.000,83,186,.446,.444,48,74,.649,47,100,147,17,15,22,39,71,214,walkesa01
401,Ben Wallace*,PF,22,WSB,34,0,197,16,46,.348,0,0,,16,46,.348,.348,6,20,.300,25,33,58,2,8,11,18,27,38,wallabe01
402,John Wallace,SF,22,NYK,68,6,787,122,236,.517,2,4,.500,120,232,.517,.521,79,110,.718,51,104,155,37,21,25,76,102,325,wallajo01
403,Rasheed Wallace,PF,22,POR,62,56,1892,380,681,.558,9,33,.273,371,648,.573,.565,169,265,.638,122,297,419,74,48,59,114,198,938,wallara01
404,Rex Walters,SG,26,PHI,59,16,1041,148,325,.455,57,148,.385,91,177,.514,.543,49,62,.790,21,86,107,113,28,3,61,75,402,waltere01
405,Charlie Ward,PG,26,NYK,79,21,1763,133,337,.395,48,154,.312,85,183,.464,.466,95,125,.760,45,175,220,326,83,15,147,188,409,wardch01
406,Jamie Watson,SF,24,TOT,23,6,340,31,72,.431,4,12,.333,27,60,.450,.458,12,16,.750,18,29,47,33,22,4,24,34,78,watsoja01
406,Jamie Watson,SF,24,UTA,13,0,129,11,25,.440,1,3,.333,10,22,.455,.460,10,12,.833,4,14,18,10,11,2,9,16,33,watsoja01
406,Jamie Watson,SF,24,DAL,10,6,211,20,47,.426,3,9,.333,17,38,.447,.457,2,4,.500,14,15,29,23,11,2,15,18,45,watsoja01
407,Clarence Weatherspoon,SF,26,PHI,82,82,2949,398,811,.491,1,6,.167,397,805,.493,.491,206,279,.738,219,460,679,140,74,86,137,187,1003,weathcl01
408,Chris Webber*,PF,23,WSB,72,72,2806,604,1167,.518,60,151,.397,544,1016,.535,.543,177,313,.565,238,505,743,331,122,137,230,258,1445,webbech01
409,Bill Wennington,C,33,CHI,61,19,783,118,237,.498,0,2,.000,118,235,.502,.498,44,53,.830,46,83,129,41,10,11,31,132,280,wennibi01
410,Robert Werdann,C,26,NJN,6,0,31,3,7,.429,0,0,,3,7,.429,.429,3,3,1.000,3,3,6,0,2,1,2,10,9,werdaro01
411,David Wesley,PG,26,BOS,74,73,2991,456,974,.468,103,286,.360,353,688,.513,.521,225,288,.781,67,197,264,537,162,13,211,221,1240,wesleda01
412,Doug West,SG,29,MIN,68,66,1920,226,484,.467,15,45,.333,211,439,.481,.482,64,94,.681,37,111,148,113,61,24,66,218,531,westdo01
413,Mark West,C,36,CLE,70,43,959,100,180,.556,0,0,,100,180,.556,.556,27,56,.482,69,117,186,19,11,55,52,142,227,westma01
414,Ennis Whatley,PG,34,POR,3,0,22,2,4,.500,0,0,,2,4,.500,.500,0,0,,0,3,3,3,0,0,1,5,4,whatlen01
415,Donald Whiteside,PG,27,TOR,27,1,259,18,55,.327,12,36,.333,6,19,.316,.436,11,15,.733,2,10,12,36,11,0,17,23,59,whitedo01
416,Chris Whitney,PG,25,WSB,82,1,1117,139,330,.421,58,163,.356,81,167,.485,.509,94,113,.832,13,91,104,182,49,4,68,100,430,whitnch01
417,Dominique Wilkins*,SF,37,SAS,63,26,1945,397,953,.417,70,239,.293,327,714,.458,.453,281,350,.803,169,233,402,119,39,31,135,100,1145,wilkido01
418,Gerald Wilkins,SG,33,ORL,80,26,2202,323,759,.426,66,203,.325,257,556,.462,.469,136,190,.716,59,114,173,173,54,12,123,144,848,wilkige01
419,Aaron Williams,PF-C,25,TOT,33,1,563,85,148,.574,0,1,.000,85,147,.578,.574,33,49,.673,62,81,143,15,16,29,32,72,203,williaa01
419,Aaron Williams,C,25,DEN,1,0,10,3,5,.600,0,0,,3,5,.600,.600,0,0,,2,3,5,0,0,3,4,0,6,williaa01
419,Aaron Williams,PF,25,VAN,32,1,553,82,143,.573,0,1,.000,82,142,.577,.573,33,49,.673,60,78,138,15,16,26,28,72,197,williaa01
420,Buck Williams,PF,36,NYK,74,4,1496,175,326,.537,0,1,.000,175,325,.538,.537,115,179,.642,166,231,397,53,40,38,79,204,465,willibu01
421,Eric Williams,SG,24,BOS,72,67,2435,374,820,.456,2,8,.250,372,812,.458,.457,328,436,.752,126,203,329,129,72,13,139,213,1078,willier01
422,Herb Williams,PF,38,NYK,21,2,184,18,46,.391,0,1,.000,18,45,.400,.391,3,4,.750,9,22,31,5,4,5,5,18,39,willihe01
423,Hot Rod Williams,C,34,PHO,68,66,2137,204,416,.490,0,2,.000,204,414,.493,.490,133,198,.672,178,384,562,100,67,88,66,176,541,williho01
424,Jayson Williams,PF,28,NJN,41,40,1432,221,540,.409,0,4,.000,221,536,.412,.409,108,183,.590,242,311,553,51,24,36,82,158,550,willija01
425,Jerome Williams,PF,23,DET,33,0,177,20,51,.392,0,0,,20,51,.392,.392,9,17,.529,22,28,50,7,13,1,13,18,49,willije01
426,Lorenzo Williams,C,27,WSB,19,0,264,20,31,.645,0,0,,20,31,.645,.645,5,7,.714,28,41,69,4,6,8,18,49,45,willilo01
427,Monty Williams,SF,25,SAS,65,26,1345,234,460,.509,0,1,.000,234,459,.510,.509,120,186,.645,98,108,206,91,55,52,116,161,588,willimo01
428,Reggie Williams,SF,32,TOT,13,0,200,29,76,.382,9,34,.265,20,42,.476,.441,9,12,.750,5,26,31,10,8,4,12,33,76,willire01
428,Reggie Williams,SF,32,IND,2,0,33,2,9,.222,0,1,.000,2,8,.250,.222,1,2,.500,1,6,7,2,0,0,2,5,5,willire01
428,Reggie Williams,SF,32,NJN,11,0,167,27,67,.403,9,33,.273,18,34,.529,.470,8,10,.800,4,20,24,8,8,4,10,28,71,willire01
429,Scott Williams,C,28,PHI,62,52,1317,162,318,.509,0,2,.000,162,316,.513,.509,38,55,.691,155,242,397,41,44,41,50,206,362,willisc01
430,Walt Williams,SF,26,TOR,73,73,2647,419,982,.427,175,437,.400,244,545,.448,.516,186,243,.765,103,264,367,197,97,62,174,282,1199,williwa02
431,Corliss Williamson,SF,23,SAC,79,31,1992,371,745,.498,0,3,.000,371,742,.500,.498,173,251,.689,139,187,326,124,60,49,157,263,915,willico02
432,Kevin Willis,PF,34,HOU,75,32,1964,350,728,.481,2,14,.143,348,714,.487,.482,140,202,.693,146,415,561,71,42,32,119,216,842,willike02
433,David Wingate,SG,33,SEA,65,2,929,89,214,.416,25,71,.352,64,143,.448,.474,33,40,.825,23,51,74,80,44,5,37,108,236,wingada01
434,Dontonio Wingfield,SF,22,POR,47,0,569,79,193,.409,26,77,.338,53,116,.457,.477,27,40,.675,63,74,137,45,14,6,49,101,211,wingfdo01
435,Joe Wolf,C,32,MIL,56,7,525,40,89,.449,1,7,.143,39,82,.476,.455,14,19,.737,32,80,112,20,14,11,14,105,95,wolfjo01
436,David Wood,PF,32,MIL,46,0,240,20,38,.526,5,15,.333,15,23,.652,.592,12,18,.667,5,22,27,13,7,6,6,36,57,woodda01
437,Haywoode Workman,PG,31,IND,4,2,81,11,20,.550,0,3,.000,11,17,.647,.550,0,1,.000,4,3,7,11,3,0,5,10,22,workmha01
438,Lorenzen Wright,C,21,LAC,77,51,1936,236,491,.481,1,4,.250,235,487,.483,.482,88,150,.587,206,265,471,49,48,60,79,211,561,wrighlo02
439,Sharone Wright,C,24,TOR,60,28,1009,161,403,.400,0,1,.000,161,402,.400,.400,68,133,.511,79,107,186,28,15,50,93,146,390,wrighsh01
440,George Zídek,C,23,TOT,52,2,376,49,118,.415,0,2,.000,49,116,.422,.415,45,57,.789,35,51,86,14,5,3,27,61,143,zidekge01
440,George Zídek,C,23,CHH,36,2,288,33,85,.388,0,2,.000,33,83,.398,.388,25,32,.781,25,38,63,9,4,3,23,44,91,zidekge01
440,George Zídek,C,23,DEN,16,0,88,16,33,.485,0,0,,16,33,.485,.485,20,25,.800,10,13,23,5,1,0,4,17,52,zidekge01
441,Aleksandar Djordjevic,SG,29,POR,8,0,61,8,16,.500,5,7,.714,3,9,.333,.656,4,5,.800,1,4,5,5,0,0,5,3,25,djordal01
